"etiket","X","Y","Z","moderator","dl","ocr","cv0","cv1"
"olcek_Z","MEMNUNIYET","GUV_Saglayici","ERS","Cinsiyet",0.94062456010815,1,4.74879106842945,1.85385176602482
"olcek_Z","MEMNUNIYET","GUV_Saglayici","ERS","YasGrup",0.497346225090997,1,2.57132332112818,1.56373071428837
"olcek_Z","MEMNUNIYET","GUV_Saglayici","ERS","EgitimGrup",-0.341021410086105,0.333333333333333,4.60696129767253,6.47915367332515
"olcek_Z","MEMNUNIYET","GUV_Saglayici","ERS","MedeniDurum",-0.394283298782514,0,1.37433894602787,2.03858542893284
"olcek_Z","MEMNUNIYET","GUV_Saglayici","ERS","Gelir",-1.47500410255192,0.333333333333333,2.2322398482862,9.75724029383152
"olcek_Z","MEMNUNIYET","GUV_Saglayici","ERS","MeslekGrup",-0.883879169109043,0,7.55496505253309,18.2850564688898
"olcek_Z","MEMNUNIYET","GUV_Odeyici","ERS","Cinsiyet",-0.985147928197762,0,1.53141877379664,4.10145808570719
"olcek_Z","MEMNUNIYET","GUV_Odeyici","ERS","YasGrup",3.93226433864515,1,4.0371823600728,0.079125708092366
"olcek_Z","MEMNUNIYET","GUV_Odeyici","ERS","EgitimGrup",0.240823837949287,1,7.08210244384114,5.56639140113544
"olcek_Z","MEMNUNIYET","GUV_Odeyici","ERS","MedeniDurum",2.90238792210052,1,2.07695409118132,0.114008124705976
"olcek_Z","MEMNUNIYET","GUV_Odeyici","ERS","Gelir",-1.27980783874848,0,1.77106463100337,6.36865750759287
"olcek_Z","MEMNUNIYET","GUV_Odeyici","ERS","MeslekGrup",-0.819196390425936,0.2,6.15997329046088,13.9749834237659
"olcek_Z","MEMNUNIYET","GUVEN","ERS","Cinsiyet",2.56858725288473,1,3.59608759332766,0.275617619206575
"olcek_Z","MEMNUNIYET","GUVEN","ERS","YasGrup",2.72547697953566,1,2.8722588113192,0.188175871506936
"olcek_Z","MEMNUNIYET","GUVEN","ERS","EgitimGrup",0.159459724397453,0.666666666666667,4.42255033744007,3.77068545909709
"olcek_Z","MEMNUNIYET","GUVEN","ERS","MedeniDurum",0.640718393795932,1,1.53294579391442,0.807730222004672
"olcek_Z","MEMNUNIYET","GUVEN","ERS","Gelir",-1.26970153228169,0.333333333333333,2.17606077648598,7.74631924609938
"olcek_Z","MEMNUNIYET","GUVEN","ERS","MeslekGrup",-0.889431411759243,0,6.43730336632315,15.6667578487902
"olcek_Z","MEMNUNIYET","SOY_index","ERS","Cinsiyet",-0.388324032940514,0,10.927239124408,16.1122960030292
"olcek_Z","MEMNUNIYET","SOY_index","ERS","YasGrup",-1.72304547181771,0,0.661868509580245,3.70749748043452
"olcek_Z","MEMNUNIYET","SOY_index","ERS","EgitimGrup",-0.6379826128081,0,11.8297476155964,22.3896759314944
"olcek_Z","MEMNUNIYET","SOY_index","ERS","MedeniDurum",0.287167940868838,1,0.26006174420681,0.195146610908963
"olcek_Z","MEMNUNIYET","SOY_index","ERS","Gelir",0.392643473926312,0.666666666666667,7.92401594417289,5.35084593145743
"olcek_Z","MEMNUNIYET","SOY_index","ERS","MeslekGrup",-0.59279192928636,0.2,10.4075801158897,18.8276461147625
"olcek_Z","MEMNUNIYET","GUV_Saglayici","KAB","Cinsiyet",0.671240223126861,1,4.74879106842945,2.42698524839285
"olcek_Z","MEMNUNIYET","GUV_Saglayici","KAB","YasGrup",-1.39728371363965,0,2.57132332112818,10.3989453660828
"olcek_Z","MEMNUNIYET","GUV_Saglayici","KAB","EgitimGrup",-1.51200559792981,0,4.60696129767253,20.8963412695862
"olcek_Z","MEMNUNIYET","GUV_Saglayici","KAB","MedeniDurum",-1.40112460997941,0,1.37433894602787,5.57949050262674
"olcek_Z","MEMNUNIYET","GUV_Saglayici","KAB","Gelir",-1.86237547008184,0,2.2322398482862,14.3734243684024
"olcek_Z","MEMNUNIYET","GUV_Saglayici","KAB","MeslekGrup",-1.21427169310093,0,7.55496505253309,25.4439161669626
"olcek_Z","MEMNUNIYET","GUV_Odeyici","KAB","Cinsiyet",-1.63515691950488,0,1.53141877379664,7.85658107143251
"olcek_Z","MEMNUNIYET","GUV_Odeyici","KAB","YasGrup",-0.838589333239035,0,4.0371823600728,9.33841322612531
"olcek_Z","MEMNUNIYET","GUV_Odeyici","KAB","EgitimGrup",-0.83285164154301,0,7.08210244384114,16.2878993557958
"olcek_Z","MEMNUNIYET","GUV_Odeyici","KAB","MedeniDurum",1.42116272688667,1,2.07695409118132,0.501445525409092
"olcek_Z","MEMNUNIYET","GUV_Odeyici","KAB","Gelir",-2.12043604729134,0.333333333333333,1.77106463100337,14.7614182871023
"olcek_Z","MEMNUNIYET","GUV_Odeyici","KAB","MeslekGrup",-1.12542547114852,0,6.15997329046088,18.9821281689596
"olcek_Z","MEMNUNIYET","GUVEN","KAB","Cinsiyet",1.49332792492944,1,3.59608759332766,0.80776713628037
"olcek_Z","MEMNUNIYET","GUVEN","KAB","YasGrup",-1.14313637123601,0,2.8722588113192,9.00909962591038
"olcek_Z","MEMNUNIYET","GUVEN","KAB","EgitimGrup",-1.28612895853221,0,4.42255033744007,16.0041088001037
"olcek_Z","MEMNUNIYET","GUVEN","KAB","MedeniDurum",-0.742820177938326,0,1.53294579391442,3.22202943757026
"olcek_Z","MEMNUNIYET","GUVEN","KAB","Gelir",-1.88053962464608,0,2.17606077648598,14.2685225039852
"olcek_Z","MEMNUNIYET","GUVEN","KAB","MeslekGrup",-1.23295508729036,0,6.43730336632315,22.088670033063
"olcek_Z","MEMNUNIYET","SOY_index","KAB","Cinsiyet",-0.535656943214655,0,10.927239124408,18.6699563160073
"olcek_Z","MEMNUNIYET","SOY_index","KAB","YasGrup",-2.41288255631305,0,0.661868509580245,7.39049120245096
"olcek_Z","MEMNUNIYET","SOY_index","KAB","EgitimGrup",-0.731741978478801,0,11.8297476155964,24.5904786780982
"olcek_Z","MEMNUNIYET","SOY_index","KAB","MedeniDurum",-2.61812879761398,0,0.26006174420681,3.56545842057231
"olcek_Z","MEMNUNIYET","SOY_index","KAB","Gelir",0.462309482120688,1,7.92401594417289,4.9907622724598
"olcek_Z","MEMNUNIYET","SOY_index","KAB","MeslekGrup",-0.463865666489566,0.4,10.4075801158897,16.5502310889329
"olcek_Z","MEMNUNIYET","GUV_Saglayici","UYG","Cinsiyet",-0.555474244871183,0,4.74879106842945,8.27603773557303
"olcek_Z","MEMNUNIYET","GUV_Saglayici","UYG","YasGrup",-0.674209833760125,0,2.57132332112818,5.0461749114163
"olcek_Z","MEMNUNIYET","GUV_Saglayici","UYG","EgitimGrup",-1.2811064851813,0.333333333333333,4.60696129767253,16.5879241850139
"olcek_Z","MEMNUNIYET","GUV_Saglayici","UYG","MedeniDurum",-1.69009350246125,0,1.37433894602787,7.44889990241779
"olcek_Z","MEMNUNIYET","GUV_Saglayici","UYG","Gelir",-1.09201148146356,0.333333333333333,2.2322398482862,6.65266137980494
"olcek_Z","MEMNUNIYET","GUV_Saglayici","UYG","MeslekGrup",-1.24528512099779,0,7.55496505253309,26.2453831065723
"olcek_Z","MEMNUNIYET","GUV_Odeyici","UYG","Cinsiyet",0.634039346011227,1,1.53141877379664,0.812333147384524
"olcek_Z","MEMNUNIYET","GUV_Odeyici","UYG","YasGrup",-0.114031515878541,1,4.0371823600728,4.52482331133902
"olcek_Z","MEMNUNIYET","GUV_Odeyici","UYG","EgitimGrup",-0.742628242169908,0,7.08210244384114,14.8826940070417
"olcek_Z","MEMNUNIYET","GUV_Odeyici","UYG","MedeniDurum",-0.79664239931445,0,2.07695409118132,4.60685238131003
"olcek_Z","MEMNUNIYET","GUV_Odeyici","UYG","Gelir",-1.55808072576438,0.333333333333333,1.77106463100337,8.41201955446808
"olcek_Z","MEMNUNIYET","GUV_Odeyici","UYG","MeslekGrup",-1.32921301919421,0.2,6.15997329046088,23.2728038466099
"olcek_Z","MEMNUNIYET","GUVEN","UYG","Cinsiyet",-0.304993237234452,1,3.59608759332766,4.87850935334842
"olcek_Z","MEMNUNIYET","GUVEN","UYG","YasGrup",-0.301198976803323,1,2.8722588113192,3.8817952510552
"olcek_Z","MEMNUNIYET","GUVEN","UYG","EgitimGrup",-1.07984785782176,0.333333333333333,4.42255033744007,13.0210123657709
"olcek_Z","MEMNUNIYET","GUVEN","UYG","MedeniDurum",-1.36063367444819,0,1.53294579391442,5.97643908032304
"olcek_Z","MEMNUNIYET","GUVEN","UYG","Gelir",-1.21773759595748,0,2.17606077648598,7.35406968159894
"olcek_Z","MEMNUNIYET","GUVEN","UYG","MeslekGrup",-1.30363146420324,0.2,6.43730336632315,23.7063083024157
"olcek_Z","MEMNUNIYET","SOY_index","UYG","Cinsiyet",-0.65719770461022,0,10.927239124408,21.0827754814518
"olcek_Z","MEMNUNIYET","SOY_index","UYG","YasGrup",-3.01716035368191,0,0.661868509580245,13.5240826916688
"olcek_Z","MEMNUNIYET","SOY_index","UYG","EgitimGrup",-0.706580606542997,0,11.8297476155964,23.9794676706642
"olcek_Z","MEMNUNIYET","SOY_index","UYG","MedeniDurum",-1.84845382339922,0,0.26006174420681,1.65139049515264
"olcek_Z","MEMNUNIYET","SOY_index","UYG","Gelir",-0.064531021992861,0.666666666666667,7.92401594417289,8.45222028979027
"olcek_Z","MEMNUNIYET","SOY_index","UYG","MeslekGrup",-0.383811793140574,0.2,10.4075801158897,15.2769658104204
"olcek_Z","MEMNUNIYET","GUV_Saglayici","ULS","Cinsiyet",-0.524307665185137,0,4.74879106842945,8.02207999931115
"olcek_Z","MEMNUNIYET","GUV_Saglayici","ULS","YasGrup",-0.478178510883303,0,2.57132332112818,4.14788758792332
"olcek_Z","MEMNUNIYET","GUV_Saglayici","ULS","EgitimGrup",-0.474706827867798,0.333333333333333,4.60696129767253,7.40588766182675
"olcek_Z","MEMNUNIYET","GUV_Saglayici","ULS","MedeniDurum",-1.10115433484741,0,1.37433894602787,4.13351109012039
"olcek_Z","MEMNUNIYET","GUV_Saglayici","ULS","Gelir",-1.55517427006522,0.333333333333333,2.2322398482862,10.5716910326602
"olcek_Z","MEMNUNIYET","GUV_Saglayici","ULS","MeslekGrup",-0.967789784189777,0.2,7.55496505253309,19.8855781911229
"olcek_Z","MEMNUNIYET","GUV_Odeyici","ULS","Cinsiyet",1.05981897874716,1,1.53141877379664,0.530664978641946
"olcek_Z","MEMNUNIYET","GUV_Odeyici","ULS","YasGrup",0.00665653587498483,1,4.0371823600728,4.01039795536811
"olcek_Z","MEMNUNIYET","GUV_Odeyici","ULS","EgitimGrup",-0.406415369799381,0.333333333333333,7.08210244384114,10.6332532446035
"olcek_Z","MEMNUNIYET","GUV_Odeyici","ULS","MedeniDurum",-0.763551222604645,0,2.07695409118132,4.4569009328374
"olcek_Z","MEMNUNIYET","GUV_Odeyici","ULS","Gelir",-1.69758063363988,0.333333333333333,1.77106463100337,9.67128794598334
"olcek_Z","MEMNUNIYET","GUV_Odeyici","ULS","MeslekGrup",-1.19661546913481,0.6,6.15997329046088,20.3827287394981
"olcek_Z","MEMNUNIYET","GUVEN","ULS","Cinsiyet",-0.480501194641557,0,3.59608759332766,5.81445855909683
"olcek_Z","MEMNUNIYET","GUVEN","ULS","YasGrup",-0.0847718024045754,1,2.8722588113192,3.12636367866152
"olcek_Z","MEMNUNIYET","GUVEN","ULS","EgitimGrup",-0.505309167458192,0.333333333333333,4.42255033744007,7.3303678401144
"olcek_Z","MEMNUNIYET","GUVEN","ULS","MedeniDurum",-1.09970403934448,0,1.53294579391442,4.60386092731783
"olcek_Z","MEMNUNIYET","GUVEN","ULS","Gelir",-1.5083934539481,0.333333333333333,2.17606077648598,9.83462887993107
"olcek_Z","MEMNUNIYET","GUVEN","ULS","MeslekGrup",-1.10133459051701,0.2,6.43730336632315,19.3645545921806
"olcek_Z","MEMNUNIYET","SOY_index","ULS","Cinsiyet",-0.565834517194665,0,10.927239124408,19.2419577025068
"olcek_Z","MEMNUNIYET","SOY_index","ULS","YasGrup",-2.34537489633638,0,0.661868509580245,6.90804407958779
"olcek_Z","MEMNUNIYET","SOY_index","ULS","EgitimGrup",-0.0654361079122445,0.333333333333333,11.8297476155964,12.62972864859
"olcek_Z","MEMNUNIYET","SOY_index","ULS","MedeniDurum",-2.94918286459592,0,0.26006174420681,4.9646693673084
"olcek_Z","MEMNUNIYET","SOY_index","ULS","Gelir",-0.374257904263528,0.333333333333333,7.92401594417289,11.5208224463154
"olcek_Z","MEMNUNIYET","SOY_index","ULS","MeslekGrup",-0.148249631261042,0.8,10.4075801158897,12.0707362229403
"olcek_Z","MEMNUNIYET","GUV_Saglayici","ERISIM","Cinsiyet",-0.456336291441377,1,4.74879106842945,7.49492680719803
"olcek_Z","MEMNUNIYET","GUV_Saglayici","ERISIM","YasGrup",-1.71584719428255,0,2.57132332112818,14.3001192272794
"olcek_Z","MEMNUNIYET","GUV_Saglayici","ERISIM","EgitimGrup",-1.82145662286836,0,4.60696129767253,28.4749601494754
"olcek_Z","MEMNUNIYET","GUV_Saglayici","ERISIM","MedeniDurum",-1.35911122076512,0,1.37433894602787,5.34993320166688
"olcek_Z","MEMNUNIYET","GUV_Saglayici","ERISIM","Gelir",-1.62189207029689,0,2.2322398482862,11.3010718086939
"olcek_Z","MEMNUNIYET","GUV_Saglayici","ERISIM","MeslekGrup",-1.4776155193182,0,7.55496505253309,33.1095079478176
"olcek_Z","MEMNUNIYET","GUV_Odeyici","ERISIM","Cinsiyet",-1.09048043918406,0,1.53141877379664,4.55704803147636
"olcek_Z","MEMNUNIYET","GUV_Odeyici","ERISIM","YasGrup",-0.924080365826337,0,4.0371823600728,10.1718833561729
"olcek_Z","MEMNUNIYET","GUV_Odeyici","ERISIM","EgitimGrup",-1.12223477661168,0,7.08210244384114,21.7541728984391
"olcek_Z","MEMNUNIYET","GUV_Odeyici","ERISIM","MedeniDurum",0.189264053204798,1,2.07695409118132,1.71882064995157
"olcek_Z","MEMNUNIYET","GUV_Odeyici","ERISIM","Gelir",-1.8822763864168,0.333333333333333,1.77106463100337,11.6331321118073
"olcek_Z","MEMNUNIYET","GUV_Odeyici","ERISIM","MeslekGrup",-1.45413515806316,0,6.15997329046088,26.3694884405163
"olcek_Z","MEMNUNIYET","GUVEN","ERISIM","Cinsiyet",0.0945171293979314,1,3.59608759332766,3.27176418382154
"olcek_Z","MEMNUNIYET","GUVEN","ERISIM","YasGrup",-1.34665808128096,0,2.8722588113192,11.0425594293057
"olcek_Z","MEMNUNIYET","GUVEN","ERISIM","EgitimGrup",-1.57655259633876,0,4.42255033744007,21.3973937503185
"olcek_Z","MEMNUNIYET","GUVEN","ERISIM","MedeniDurum",-0.80251045688739,0,1.53294579391442,3.42020913664178
"olcek_Z","MEMNUNIYET","GUVEN","ERISIM","Gelir",-1.62063768089232,0,2.17606077648598,11.0028457463404
"olcek_Z","MEMNUNIYET","GUVEN","ERISIM","MeslekGrup",-1.49665540561772,0,6.43730336632315,28.7536618350838
"olcek_Z","MEMNUNIYET","SOY_index","ERISIM","Cinsiyet",-0.777681779924994,0,10.927239124408,23.7822726042811
"olcek_Z","MEMNUNIYET","SOY_index","ERISIM","YasGrup",-3.16185587403015,0,0.661868509580245,15.6296151203666
"olcek_Z","MEMNUNIYET","SOY_index","ERISIM","EgitimGrup",-1.02814894434426,0,11.8297476155964,33.07462223207
"olcek_Z","MEMNUNIYET","SOY_index","ERISIM","MedeniDurum",-1.81585489951885,0,0.26006174420681,1.59842494220597
"olcek_Z","MEMNUNIYET","SOY_index","ERISIM","Gelir",0.196997091668588,1,7.92401594417289,6.5071465946982
"olcek_Z","MEMNUNIYET","SOY_index","ERISIM","MeslekGrup",-0.517702400322513,0.4,10.4075801158897,17.465662292499
"olcek_Z","ERISIM","GUV_Saglayici","MTT","Cinsiyet",-0.0911972442276781,1,2.54058761769794,2.78317578498429
"olcek_Z","ERISIM","GUV_Saglayici","MTT","YasGrup",-1.74833692885903,0,3.68250881250381,21.1561616393616
"olcek_Z","ERISIM","GUV_Saglayici","MTT","EgitimGrup",-1.79535688872108,0,4.36955449963343,26.3118116196364
"olcek_Z","ERISIM","GUV_Saglayici","MTT","MedeniDurum",-0.493263572177836,0,2.55071142576674,4.17717793958658
"olcek_Z","ERISIM","GUV_Saglayici","MTT","Gelir",-1.76993073354586,0.333333333333333,2.04328585094058,11.995000775021
"olcek_Z","ERISIM","GUV_Saglayici","MTT","MeslekGrup",-1.34022204844865,0,11.4864054510786,43.8768238652055
"olcek_Z","ERISIM","GUV_Odeyici","MTT","Cinsiyet",-1.11241415891796,0,4.29521174336006,13.0647140847042
"olcek_Z","ERISIM","GUV_Odeyici","MTT","YasGrup",-3.34729769425426,0,0.584282216501906,16.6086981873949
"olcek_Z","ERISIM","GUV_Odeyici","MTT","EgitimGrup",-2.04870604743476,0.333333333333333,3.15780330091777,24.4977843341517
"olcek_Z","ERISIM","GUV_Odeyici","MTT","MedeniDurum",-0.325203291639042,1,1.96775888573549,2.72399231417941
"olcek_Z","ERISIM","GUV_Odeyici","MTT","Gelir",-1.01187224164952,0.333333333333333,4.73882250090094,13.0352982823001
"olcek_Z","ERISIM","GUV_Odeyici","MTT","MeslekGrup",-1.47528530268347,0,10.5621341525545,46.1806398341625
"olcek_Z","ERISIM","GUVEN","MTT","Cinsiyet",-0.677735136262737,0,3.06901614068955,6.04415792179002
"olcek_Z","ERISIM","GUVEN","MTT","YasGrup",-2.104097151831,0,2.28093934487212,18.7030106301331
"olcek_Z","ERISIM","GUVEN","MTT","EgitimGrup",-1.99901664157238,0.333333333333333,3.40459469405638,25.1320153180835
"olcek_Z","ERISIM","GUVEN","MTT","MedeniDurum",1.40085292723198,1,2.03925412652178,0.502445136810752
"olcek_Z","ERISIM","GUVEN","MTT","Gelir",-1.58693222093329,0,2.33435781188095,11.4120412801531
"olcek_Z","ERISIM","GUVEN","MTT","MeslekGrup",-1.37931769565107,0,11.1302611686761,44.2115172596169
"olcek_Z","ERISIM","SOY_index","MTT","Cinsiyet",-1.61014643759579,0,3.74830066568491,18.7547869004388
"olcek_Z","ERISIM","SOY_index","MTT","YasGrup",-1.32428515427003,0,14.1945768605249,53.3644682124792
"olcek_Z","ERISIM","SOY_index","MTT","EgitimGrup",-1.08837845296561,0.333333333333333,14.645194068987,43.4882455858744
"olcek_Z","ERISIM","SOY_index","MTT","MedeniDurum",-2.27575574715213,0,3.06755559593427,29.8634932148347
"olcek_Z","ERISIM","SOY_index","MTT","Gelir",-0.959865134506206,0.666666666666667,8.49246054819024,22.1767382020686
"olcek_Z","ERISIM","SOY_index","MTT","MeslekGrup",-1.52538071865986,0.2,10.9235596505397,50.2144388531902
"olcek_Z","ERISIM","GUV_Saglayici","FCV","Cinsiyet",-0.573074883718622,0,2.54058761769794,4.50627236551618
"olcek_Z","ERISIM","GUV_Saglayici","FCV","YasGrup",-0.995982165211201,0,3.68250881250381,9.96995857850627
"olcek_Z","ERISIM","GUV_Saglayici","FCV","EgitimGrup",-1.32518801754847,0,4.36955449963343,16.4421650989901
"olcek_Z","ERISIM","GUV_Saglayici","FCV","MedeniDurum",1.96729014974823,1,2.55071142576674,0.356679427389173
"olcek_Z","ERISIM","GUV_Saglayici","FCV","Gelir",-0.955125551021718,0.666666666666667,2.04328585094058,5.31049354536031
"olcek_Z","ERISIM","GUV_Saglayici","FCV","MeslekGrup",-0.874525995921861,0,11.4864054510786,27.5413964383486
"olcek_Z","ERISIM","GUV_Odeyici","FCV","Cinsiyet",1.30881051114183,1,4.29521174336006,1.16031362709
"olcek_Z","ERISIM","GUV_Odeyici","FCV","YasGrup",-2.31060293316791,0,0.584282216501906,5.88985737818053
"olcek_Z","ERISIM","GUV_Odeyici","FCV","EgitimGrup",-1.50996059054806,0.333333333333333,3.15780330091777,14.293962151604
"olcek_Z","ERISIM","GUV_Odeyici","FCV","MedeniDurum",-0.274837718219774,1,1.96775888573549,2.5901945614845
"olcek_Z","ERISIM","GUV_Odeyici","FCV","Gelir",-0.56764608900976,0.333333333333333,4.73882250090094,8.3598022895248
"olcek_Z","ERISIM","GUV_Odeyici","FCV","MeslekGrup",-0.989957687375026,0,10.5621341525545,28.4239768313272
"olcek_Z","ERISIM","GUVEN","FCV","Cinsiyet",0.0488912607158098,1,3.06901614068955,2.92257703708463
"olcek_Z","ERISIM","GUVEN","FCV","YasGrup",-1.18455769382912,0,2.28093934487212,7.45693929874537
"olcek_Z","ERISIM","GUVEN","FCV","EgitimGrup",-1.39621815496981,0,3.40459469405638,13.7541975943583
"olcek_Z","ERISIM","GUVEN","FCV","MedeniDurum",0.612769807407681,1,2.03925412652178,1.10496571262678
"olcek_Z","ERISIM","GUVEN","FCV","Gelir",-0.904391503315578,0.333333333333333,2.33435781188095,5.76686342460726
"olcek_Z","ERISIM","GUVEN","FCV","MeslekGrup",-0.90887803226721,0,11.1302611686761,27.6201523281579
"olcek_Z","ERISIM","SOY_index","FCV","Cinsiyet",-1.93179062569795,0,3.74830066568491,25.8702383476213
"olcek_Z","ERISIM","SOY_index","FCV","YasGrup",-0.621992804240964,0,14.1945768605249,26.4393329275761
"olcek_Z","ERISIM","SOY_index","FCV","EgitimGrup",-0.830830475432271,0.333333333333333,14.645194068987,33.6140020406274
"olcek_Z","ERISIM","SOY_index","FCV","MedeniDurum",-1.04955859571109,0,3.06755559593427,8.7621351992347
"olcek_Z","ERISIM","SOY_index","FCV","Gelir",0.275887753556343,1,8.49246054819024,6.44491225341678
"olcek_Z","ERISIM","SOY_index","FCV","MeslekGrup",-0.522816294022711,0.8,10.9235596505397,18.4255481305768
"olcek_Z","ERISIM","GUV_Saglayici","RNS","Cinsiyet",-0.902606997349802,0,2.54058761769794,6.26514917873289
"olcek_Z","ERISIM","GUV_Saglayici","RNS","YasGrup",-1.01907307898295,0,3.68250881250381,10.2028525519353
"olcek_Z","ERISIM","GUV_Saglayici","RNS","EgitimGrup",-1.35952588842696,0,4.36955449963343,17.0165593417324
"olcek_Z","ERISIM","GUV_Saglayici","RNS","MedeniDurum",-0.226697958648113,1,2.55071142576674,3.19974228363957
"olcek_Z","ERISIM","GUV_Saglayici","RNS","Gelir",-0.836928109711675,0.333333333333333,2.04328585094058,4.71848293465353
"olcek_Z","ERISIM","GUV_Saglayici","RNS","MeslekGrup",-0.887459255387391,0,11.4864054510786,27.8999098407454
"olcek_Z","ERISIM","GUV_Odeyici","RNS","Cinsiyet",0.353096542088738,1,4.29521174336006,3.0174264859179
"olcek_Z","ERISIM","GUV_Odeyici","RNS","YasGrup",-2.55192094235236,0,0.584282216501906,7.49735125892509
"olcek_Z","ERISIM","GUV_Odeyici","RNS","EgitimGrup",-1.52094901102377,0.333333333333333,3.15780330091777,14.4518963526549
"olcek_Z","ERISIM","GUV_Odeyici","RNS","MedeniDurum",1.55542752535342,1,1.96775888573549,0.415392147729946
"olcek_Z","ERISIM","GUV_Odeyici","RNS","Gelir",-0.145707692200412,0.666666666666667,4.73882250090094,5.48214462759724
"olcek_Z","ERISIM","GUV_Odeyici","RNS","MeslekGrup",-0.997850435764336,0.4,10.5621341525545,28.6492078052246
"olcek_Z","ERISIM","GUVEN","RNS","Cinsiyet",0.0181944143221258,1,3.06901614068955,3.01368210096319
"olcek_Z","ERISIM","GUVEN","RNS","YasGrup",-1.27350158713845,0,2.28093934487212,8.15057878895644
"olcek_Z","ERISIM","GUVEN","RNS","EgitimGrup",-1.47431703992076,0,3.40459469405638,14.8714451613181
"olcek_Z","ERISIM","GUVEN","RNS","MedeniDurum",-0.0078096235224947,1,2.03925412652178,2.05524228307644
"olcek_Z","ERISIM","GUVEN","RNS","Gelir",-0.755233488070972,0.666666666666667,2.33435781188095,4.96776637025513
"olcek_Z","ERISIM","GUVEN","RNS","MeslekGrup",-0.935127380154607,0,11.1302611686761,28.354762656498
"olcek_Z","ERISIM","SOY_index","RNS","Cinsiyet",-1.87376320025788,0,3.74830066568491,24.411779543369
"olcek_Z","ERISIM","SOY_index","RNS","YasGrup",-0.713585754673302,0,14.1945768605249,28.9753577344186
"olcek_Z","ERISIM","SOY_index","RNS","EgitimGrup",-0.987681988794069,0.333333333333333,14.645194068987,39.3223956710325
"olcek_Z","ERISIM","SOY_index","RNS","MedeniDurum",-0.428386872564694,1,3.06755559593427,4.70802215554794
"olcek_Z","ERISIM","SOY_index","RNS","Gelir",-0.144650725026072,0.333333333333333,8.49246054819024,9.814191993851
"olcek_Z","ERISIM","SOY_index","RNS","MeslekGrup",-0.589550534691171,0.6,10.9235596505397,19.6971199105379
"olcek_Z","ERISIM","GUV_Saglayici","ILT","Cinsiyet",-1.30327355334982,0,2.54058761769794,9.35273632944825
"olcek_Z","ERISIM","GUV_Saglayici","ILT","YasGrup",-1.65485020274042,0,3.68250881250381,19.2679764660245
"olcek_Z","ERISIM","GUV_Saglayici","ILT","EgitimGrup",-1.74038729986238,0,4.36955449963343,24.9044962758401
"olcek_Z","ERISIM","GUV_Saglayici","ILT","MedeniDurum",-0.148518903629705,1,2.55071142576674,2.95911789337425
"olcek_Z","ERISIM","GUV_Saglayici","ILT","Gelir",-1.1167660006674,0,2.04328585094058,6.2421534515207
"olcek_Z","ERISIM","GUV_Saglayici","ILT","MeslekGrup",-1.18528124960756,0,11.4864054510786,37.5790025511518
"olcek_Z","ERISIM","GUV_Odeyici","ILT","Cinsiyet",2.54907550502723,1,4.29521174336006,0.335687477514383
"olcek_Z","ERISIM","GUV_Odeyici","ILT","YasGrup",-2.91398060223138,0,0.584282216501906,10.7683303680594
"olcek_Z","ERISIM","GUV_Odeyici","ILT","EgitimGrup",-1.47402108218308,0,3.15780330091777,13.7893659606711
"olcek_Z","ERISIM","GUV_Odeyici","ILT","MedeniDurum",-0.940285541832582,0,1.96775888573549,5.0388648001268
"olcek_Z","ERISIM","GUV_Odeyici","ILT","Gelir",-1.06842087337267,0.333333333333333,4.73882250090094,13.793666838419
"olcek_Z","ERISIM","GUV_Odeyici","ILT","MeslekGrup",-1.30556850603715,0,10.5621341525545,38.972016477487
"olcek_Z","ERISIM","GUVEN","ILT","Cinsiyet",-0.831346150704969,0,3.06901614068955,7.04771314378752
"olcek_Z","ERISIM","GUVEN","ILT","YasGrup",-1.9078821597518,0,2.28093934487212,15.3707986062954
"olcek_Z","ERISIM","GUVEN","ILT","EgitimGrup",-1.74056620505881,0,3.40459469405638,19.4081311056176
"olcek_Z","ERISIM","GUVEN","ILT","MedeniDurum",-0.192732532676769,1,2.03925412652178,2.47271478493727
"olcek_Z","ERISIM","GUVEN","ILT","Gelir",-1.18865334979788,0,2.33435781188095,7.66289752377496
"olcek_Z","ERISIM","GUVEN","ILT","MeslekGrup",-1.21544429061173,0,11.1302611686761,37.5289232196542
"olcek_Z","ERISIM","SOY_index","ILT","Cinsiyet",-2.54624920556823,0,3.74830066568491,47.8251565869358
"olcek_Z","ERISIM","SOY_index","ILT","YasGrup",-1.69216252358601,0,14.1945768605249,77.0937724235738
"olcek_Z","ERISIM","SOY_index","ILT","EgitimGrup",-1.44809097646923,0.333333333333333,14.645194068987,62.3150648984686
"olcek_Z","ERISIM","SOY_index","ILT","MedeniDurum",-1.66414867995079,0,3.06755559593427,16.2002990868002
"olcek_Z","ERISIM","SOY_index","ILT","Gelir",-0.989818452811964,0.666666666666667,8.49246054819024,22.8510536781262
"olcek_Z","ERISIM","SOY_index","ILT","MeslekGrup",-1.37243720091881,0.2,10.9235596505397,43.0929363602383
"olcek_Z","ERISIM","GUV_Saglayici","MEMNUNIYET","Cinsiyet",-0.936228417761467,0,2.54058761769794,6.47937347659237
"olcek_Z","ERISIM","GUV_Saglayici","MEMNUNIYET","YasGrup",-1.5624668176144,0,3.68250881250381,17.5676840750683
"olcek_Z","ERISIM","GUV_Saglayici","MEMNUNIYET","EgitimGrup",-1.76558137552136,0,4.36955449963343,25.5399127953704
"olcek_Z","ERISIM","GUV_Saglayici","MEMNUNIYET","MedeniDurum",-0.631330775006373,0,2.55071142576674,4.79562041369809
"olcek_Z","ERISIM","GUV_Saglayici","MEMNUNIYET","Gelir",-1.46586713252353,0,2.04328585094058,8.85007877035297
"olcek_Z","ERISIM","GUV_Saglayici","MEMNUNIYET","MeslekGrup",-1.22994042867969,0,11.4864054510786,39.2952886772862
"olcek_Z","ERISIM","GUV_Odeyici","MEMNUNIYET","Cinsiyet",-0.278205991552664,1,4.29521174336006,5.67293628100676
"olcek_Z","ERISIM","GUV_Odeyici","MEMNUNIYET","YasGrup",-3.03867941057557,0,0.584282216501906,12.1984422776246
"olcek_Z","ERISIM","GUV_Odeyici","MEMNUNIYET","EgitimGrup",-1.9276892084485,0.333333333333333,3.15780330091777,21.7055033519508
"olcek_Z","ERISIM","GUV_Odeyici","MEMNUNIYET","MedeniDurum",0.676939957645404,1,1.96775888573549,0.999955312147967
"olcek_Z","ERISIM","GUV_Odeyici","MEMNUNIYET","Gelir",-1.17115668403038,0.333333333333333,4.73882250090094,15.2861222270469
"olcek_Z","ERISIM","GUV_Odeyici","MEMNUNIYET","MeslekGrup",-1.38606319559343,0,10.5621341525545,42.2387713637422
"olcek_Z","ERISIM","GUVEN","MEMNUNIYET","Cinsiyet",0.116141819644241,1,3.06901614068955,2.73249528309809
"olcek_Z","ERISIM","GUVEN","MEMNUNIYET","YasGrup",-1.83958436958642,0,2.28093934487212,14.3560538562618
"olcek_Z","ERISIM","GUVEN","MEMNUNIYET","EgitimGrup",-1.85633800533584,0,3.40459469405638,21.790278015842
"olcek_Z","ERISIM","GUVEN","MEMNUNIYET","MedeniDurum",-0.311763979925696,1,2.03925412652178,2.78527913951343
"olcek_Z","ERISIM","GUVEN","MEMNUNIYET","Gelir",-1.49730595758521,0,2.33435781188095,10.4337191473434
"olcek_Z","ERISIM","GUVEN","MEMNUNIYET","MeslekGrup",-1.27990137960737,0,11.1302611686761,40.0275917697106
"olcek_Z","ERISIM","SOY_index","MEMNUNIYET","Cinsiyet",-2.55138172542424,0,3.74830066568491,48.0712511551814
"olcek_Z","ERISIM","SOY_index","MEMNUNIYET","YasGrup",-1.33521488824678,0,14.1945768605249,53.9509267336357
"olcek_Z","ERISIM","SOY_index","MEMNUNIYET","EgitimGrup",-1.36822253577901,0.333333333333333,14.645194068987,57.5316233559595
"olcek_Z","ERISIM","SOY_index","MEMNUNIYET","MedeniDurum",-1.61364347360861,0,3.06755559593427,15.4024178114833
"olcek_Z","ERISIM","SOY_index","MEMNUNIYET","Gelir",-0.219201793813493,0.666666666666667,8.49246054819024,10.5738140238552
"olcek_Z","ERISIM","SOY_index","MEMNUNIYET","MeslekGrup",-1.08672172779395,0.4,10.9235596505397,32.3833247118471
"olcek_Z","ERISIM","MTT","GUV_Saglayici","Cinsiyet",1.34326269524703,1,3.02032582703712,0.788283100297401
"olcek_Z","ERISIM","MTT","GUV_Saglayici","YasGrup",-2.56881684440792,0,1.95285653361009,25.4855095788789
"olcek_Z","ERISIM","MTT","GUV_Saglayici","EgitimGrup",-2.48367235077319,0,3.81210842065574,45.6888726097197
"olcek_Z","ERISIM","MTT","GUV_Saglayici","MedeniDurum",-2.78362006358587,0,1.33595894944638,21.6124474336902
"olcek_Z","ERISIM","MTT","GUV_Saglayici","Gelir",-1.53947009343314,0.666666666666667,1.57780324611676,7.35590673177264
"olcek_Z","ERISIM","MTT","GUV_Saglayici","MeslekGrup",-1.43171057129473,0.4,6.85927873764036,28.7119343783259
"olcek_Z","ERISIM","FCV","GUV_Saglayici","Cinsiyet",1.5774263480914,1,10.8712382085362,2.24497470450295
"olcek_Z","ERISIM","FCV","GUV_Saglayici","YasGrup",-2.35011455121437,0,3.1770703176146,33.3172087387019
"olcek_Z","ERISIM","FCV","GUV_Saglayici","EgitimGrup",-2.5216975800254,0.333333333333333,6.77750957148839,84.3780499434004
"olcek_Z","ERISIM","FCV","GUV_Saglayici","MedeniDurum",-2.16425909199131,0,2.93192027317416,25.5315945374822
"olcek_Z","ERISIM","FCV","GUV_Saglayici","Gelir",-1.1212630664691,1,7.21745018714666,22.1483897926511
"olcek_Z","ERISIM","FCV","GUV_Saglayici","MeslekGrup",-1.36691262598285,0.4,9.52743293524446,37.3782110138418
"olcek_Z","ERISIM","RNS","GUV_Saglayici","Cinsiyet",-0.0512330834242629,1,10.0120657532657,10.5383820376736
"olcek_Z","ERISIM","RNS","GUV_Saglayici","YasGrup",-2.14611220763288,0,6.06449751880764,51.86083591792
"olcek_Z","ERISIM","RNS","GUV_Saglayici","EgitimGrup",-2.28318273093487,0.333333333333333,8.37030153930385,82.0946329374428
"olcek_Z","ERISIM","RNS","GUV_Saglayici","MedeniDurum",-3.06038709614141,0,1.71059633203912,36.4969663567849
"olcek_Z","ERISIM","RNS","GUV_Saglayici","Gelir",-1.2684522942996,0.666666666666667,8.66138036069299,30.7942012146024
"olcek_Z","ERISIM","RNS","GUV_Saglayici","MeslekGrup",-2.69257122066723,0.6,8.63990509974482,127.607968838889
"olcek_Z","ERISIM","ILT","GUV_Saglayici","Cinsiyet",-0.230065821306523,1,6.47507079613139,8.15006060087424
"olcek_Z","ERISIM","ILT","GUV_Saglayici","YasGrup",-2.58337309218608,0,2.06543185631303,27.3498879672064
"olcek_Z","ERISIM","ILT","GUV_Saglayici","EgitimGrup",-1.99365776751452,0.333333333333333,7.82313665681387,57.440139293517
"olcek_Z","ERISIM","ILT","GUV_Saglayici","MedeniDurum",-2.63082110957002,0,2.28783288823412,31.7669406275532
"olcek_Z","ERISIM","ILT","GUV_Saglayici","Gelir",-1.63086124433254,0.333333333333333,2.03708410149758,10.4059803196211
"olcek_Z","ERISIM","ILT","GUV_Saglayici","MeslekGrup",-1.49946130113498,0.6,10.7685950970586,48.2355035730232
"olcek_Z","ERISIM","MEMNUNIYET","GUV_Saglayici","Cinsiyet",0.109108493533819,1,5.63581164785199,5.05325545560266
"olcek_Z","ERISIM","MEMNUNIYET","GUV_Saglayici","YasGrup",-2.18762810264032,0,3.60204847554684,32.1088216366372
"olcek_Z","ERISIM","MEMNUNIYET","GUV_Saglayici","EgitimGrup",-2.21423161350447,0,6.8807763307981,62.9891884120494
"olcek_Z","ERISIM","MEMNUNIYET","GUV_Saglayici","MedeniDurum",-2.74309129449483,0,1.84822309137897,28.7120238909312
"olcek_Z","ERISIM","MEMNUNIYET","GUV_Saglayici","Gelir",-1.96345167466735,0,1.54907596320588,11.0354219963889
"olcek_Z","ERISIM","MEMNUNIYET","GUV_Saglayici","MeslekGrup",-1.14532008594076,0.6,7.83746254317155,24.6366510334515
"olcek_Z","MEMNUNIYET","ERS","GUV_Saglayici","Cinsiyet",-1.34688762772665,0,6.50491091116572,25.014234561595
"olcek_Z","MEMNUNIYET","ERS","GUV_Saglayici","YasGrup",-2.01412910059281,0,2.11165580967999,15.8251664850648
"olcek_Z","MEMNUNIYET","ERS","GUV_Saglayici","EgitimGrup",-1.98900861994043,0,7.8835204134838,57.6150131163395
"olcek_Z","MEMNUNIYET","ERS","GUV_Saglayici","MedeniDurum",-3.5589979498458,0,0.846176238669745,29.7244619116099
"olcek_Z","MEMNUNIYET","ERS","GUV_Saglayici","Gelir",-0.537227869142656,0.666666666666667,5.06752431872751,8.67183370348606
"olcek_Z","MEMNUNIYET","ERS","GUV_Saglayici","MeslekGrup",-1.43850772433322,0.2,13.6386953626929,57.4789460348839
"olcek_Z","MEMNUNIYET","KAB","GUV_Saglayici","Cinsiyet",2.67538094606565,1,7.87437341596583,0.542391427133604
"olcek_Z","MEMNUNIYET","KAB","GUV_Saglayici","YasGrup",-3.15344785478364,0,0.599173174770654,14.0306364216621
"olcek_Z","MEMNUNIYET","KAB","GUV_Saglayici","EgitimGrup",-1.58819181539337,0,5.17567604378335,25.3343652421111
"olcek_Z","MEMNUNIYET","KAB","GUV_Saglayici","MedeniDurum",-1.43926641677808,0,4.26227499757569,17.9765741340052
"olcek_Z","MEMNUNIYET","KAB","GUV_Saglayici","Gelir",-2.09188500790547,0,2.62069334534124,21.2280608113896
"olcek_Z","MEMNUNIYET","KAB","GUV_Saglayici","MeslekGrup",-1.55200204993974,0,9.20245605235613,43.4439873585792
"olcek_Z","MEMNUNIYET","UYG","GUV_Saglayici","Cinsiyet",-0.732123287168627,1,5.88021452881052,12.2278548515598
"olcek_Z","MEMNUNIYET","UYG","GUV_Saglayici","YasGrup",-3.29479559000792,0,0.64102553173905,17.2896769149172
"olcek_Z","MEMNUNIYET","UYG","GUV_Saglayici","EgitimGrup",-2.4647666981163,0,3.2472729731334,38.1903268550748
"olcek_Z","MEMNUNIYET","UYG","GUV_Saglayici","MedeniDurum",-1.75693114403936,0,3.90668890407717,22.6378058478725
"olcek_Z","MEMNUNIYET","UYG","GUV_Saglayici","Gelir",-2.14114907706081,0.333333333333333,2.17728873562333,18.5270066151765
"olcek_Z","MEMNUNIYET","UYG","GUV_Saglayici","MeslekGrup",-1.48681572718113,0,12.0510776801598,53.3017848671228
"olcek_Z","MEMNUNIYET","ULS","GUV_Saglayici","Cinsiyet",0.307225721246393,1,2.56028976481466,1.88305360815491
"olcek_Z","MEMNUNIYET","ULS","GUV_Saglayici","YasGrup",-1.87279911320215,0,1.71866507926097,11.1824657210339
"olcek_Z","MEMNUNIYET","ULS","GUV_Saglayici","EgitimGrup",-0.492645221135179,1,7.57422171365777,12.3962725137906
"olcek_Z","MEMNUNIYET","ULS","GUV_Saglayici","MedeniDurum",-2.64018843391216,0,2.29628508723495,32.1843746552314
"olcek_Z","MEMNUNIYET","ULS","GUV_Saglayici","Gelir",-1.05913022888547,0,6.04758682023789,17.4404034139925
"olcek_Z","MEMNUNIYET","ULS","GUV_Saglayici","MeslekGrup",-0.840516538788261,0.4,8.25468174984163,19.1307514457892
"olcek_Z","MEMNUNIYET","ERISIM","GUV_Saglayici","Cinsiyet",1.54052750943946,1,4.48312354384531,0.960590101282047
"olcek_Z","MEMNUNIYET","ERISIM","GUV_Saglayici","YasGrup",-1.31957313570979,0,2.5565132806807,9.56602222864118
"olcek_Z","MEMNUNIYET","ERISIM","GUV_Saglayici","EgitimGrup",-1.5231522770844,0,6.12244867301451,28.0815957103004
"olcek_Z","MEMNUNIYET","ERISIM","GUV_Saglayici","MedeniDurum",-5.87060794351172,0,0.0796183588970009,28.221878075736
"olcek_Z","MEMNUNIYET","ERISIM","GUV_Saglayici","Gelir",-2.77260329947598,0,0.898585295798112,14.3775744665413
"olcek_Z","MEMNUNIYET","ERISIM","GUV_Saglayici","MeslekGrup",-1.35777161047569,0,9.15071470881664,35.5735931718111
"olcek_Z","ERISIM","SOY_index","GUV_Saglayici","Cinsiyet",-1.39807056694061,0,3.74830066568491,15.1708094480086
"olcek_Z","ERISIM","SOY_index","GUV_Saglayici","YasGrup",-1.47510895128492,0,14.1945768605249,62.0517635237586
"olcek_Z","ERISIM","SOY_index","GUV_Saglayici","EgitimGrup",-1.33913646629299,0.333333333333333,14.645194068987,55.8823561825169
"olcek_Z","ERISIM","SOY_index","GUV_Saglayici","MedeniDurum",-2.17163159304139,0,3.06755559593427,26.9103943101011
"olcek_Z","ERISIM","SOY_index","GUV_Saglayici","Gelir",-0.358530089201774,0.666666666666667,8.49246054819024,12.1546141741148
"olcek_Z","ERISIM","SOY_index","GUV_Saglayici","MeslekGrup",-1.20817784782933,0.4,10.9235596505397,36.5653013798768
"olcek_Z","MEMNUNIYET","SOY_index","GUV_Saglayici","Cinsiyet",-0.920245789121214,0,10.927239124408,27.4263564101719
"olcek_Z","MEMNUNIYET","SOY_index","GUV_Saglayici","YasGrup",-1.57182354865123,0,0.661868509580245,3.18717578829978
"olcek_Z","MEMNUNIYET","SOY_index","GUV_Saglayici","EgitimGrup",-0.4212221841739,0.333333333333333,11.8297476155964,18.026439259745
"olcek_Z","MEMNUNIYET","SOY_index","GUV_Saglayici","MedeniDurum",-2.88119332884954,0,0.26006174420681,4.63834289014098
"olcek_Z","MEMNUNIYET","SOY_index","GUV_Saglayici","Gelir",-0.18920943117289,0.333333333333333,7.92401594417289,9.57454076811197
"olcek_Z","MEMNUNIYET","SOY_index","GUV_Saglayici","MeslekGrup",-0.5328365564925,0.2,10.4075801158897,17.7320006731688
"olcek_Z","ERISIM","MTT","GUV_Odeyici","Cinsiyet",-0.899260961298395,0,3.02032582703712,7.42331467091501
"olcek_Z","ERISIM","MTT","GUV_Odeyici","YasGrup",-2.55077124862296,0,1.95285653361009,25.0297331216428
"olcek_Z","ERISIM","MTT","GUV_Odeyici","EgitimGrup",-2.29390262589295,0,3.81210842065574,37.7915319701031
"olcek_Z","ERISIM","MTT","GUV_Odeyici","MedeniDurum",-2.52864457993284,0,1.33595894944638,16.7482526763731
"olcek_Z","ERISIM","MTT","GUV_Odeyici","Gelir",-2.14538095339923,0,1.57780324611676,13.4827958067594
"olcek_Z","ERISIM","MTT","GUV_Odeyici","MeslekGrup",-1.26415306236536,0.4,6.85927873764036,24.2824862328358
"olcek_Z","ERISIM","FCV","GUV_Odeyici","Cinsiyet",-0.635728512249265,1,10.8712382085362,20.5292175534989
"olcek_Z","ERISIM","FCV","GUV_Odeyici","YasGrup",-2.50617840307141,0,3.1770703176146,38.9445131893992
"olcek_Z","ERISIM","FCV","GUV_Odeyici","EgitimGrup",-2.37717463326293,0.333333333333333,6.77750957148839,73.0237221439324
"olcek_Z","ERISIM","FCV","GUV_Odeyici","MedeniDurum",-1.65774243542896,0,2.93192027317416,15.3851080201674
"olcek_Z","ERISIM","FCV","GUV_Odeyici","Gelir",-0.50899272619856,1,7.21745018714666,12.0070557673237
"olcek_Z","ERISIM","FCV","GUV_Odeyici","MeslekGrup",-1.48021750027594,0.2,9.52743293524446,41.8625995338952
"olcek_Z","ERISIM","RNS","GUV_Odeyici","Cinsiyet",-0.846938412303901,1,10.0120657532657,23.3530910383121
"olcek_Z","ERISIM","RNS","GUV_Odeyici","YasGrup",-2.22492096366481,0,6.06449751880764,56.1132884232171
"olcek_Z","ERISIM","RNS","GUV_Odeyici","EgitimGrup",-2.13112455423781,0.333333333333333,8.37030153930385,70.5142251995481
"olcek_Z","ERISIM","RNS","GUV_Odeyici","MedeniDurum",-2.67680225189284,0,1.71059633203912,24.8695533743643
"olcek_Z","ERISIM","RNS","GUV_Odeyici","Gelir",-0.112415573529276,1,8.66138036069299,9.69189218261695
"olcek_Z","ERISIM","RNS","GUV_Odeyici","MeslekGrup",-2.15700148511412,0.2,8.63990509974482,74.693500854514
"olcek_Z","ERISIM","ILT","GUV_Odeyici","Cinsiyet",-0.149342234946129,1,6.47507079613139,7.5180122641962
"olcek_Z","ERISIM","ILT","GUV_Odeyici","YasGrup",-2.40591957282616,0,2.06543185631303,22.9027940301014
"olcek_Z","ERISIM","ILT","GUV_Odeyici","EgitimGrup",-1.70571649913344,0.333333333333333,7.82313665681387,43.0689397269135
"olcek_Z","ERISIM","ILT","GUV_Odeyici","MedeniDurum",-1.97867781606509,0,2.28783288823412,16.5482913089803
"olcek_Z","ERISIM","ILT","GUV_Odeyici","Gelir",-0.923997823617195,0.333333333333333,2.03708410149758,5.13211189502178
"olcek_Z","ERISIM","ILT","GUV_Odeyici","MeslekGrup",-1.38425646675,0,10.7685950970586,42.9866887643857
"olcek_Z","ERISIM","MEMNUNIYET","GUV_Odeyici","Cinsiyet",-0.670540806947522,1,5.63581164785199,11.0196713675068
"olcek_Z","ERISIM","MEMNUNIYET","GUV_Odeyici","YasGrup",-2.20179227342015,0,3.60204847554684,32.5668526269321
"olcek_Z","ERISIM","MEMNUNIYET","GUV_Odeyici","EgitimGrup",-2.01639093793678,0,6.8807763307981,51.6826649003864
"olcek_Z","ERISIM","MEMNUNIYET","GUV_Odeyici","MedeniDurum",-2.34193951818667,0,1.84822309137897,19.2240905648513
"olcek_Z","ERISIM","MEMNUNIYET","GUV_Odeyici","Gelir",-1.5894324509348,0,1.54907596320588,7.59196959528891
"olcek_Z","ERISIM","MEMNUNIYET","GUV_Odeyici","MeslekGrup",-1.33232519458007,0.2,7.83746254317155,29.702770440592
"olcek_Z","MEMNUNIYET","ERS","GUV_Odeyici","Cinsiyet",-0.116219159546173,1,6.50491091116572,7.30658923638871
"olcek_Z","MEMNUNIYET","ERS","GUV_Odeyici","YasGrup",-2.54296700803998,0,2.11165580967999,26.8546608961989
"olcek_Z","MEMNUNIYET","ERS","GUV_Odeyici","EgitimGrup",-1.80024686726427,0,7.8835204134838,47.704294505745
"olcek_Z","MEMNUNIYET","ERS","GUV_Odeyici","MedeniDurum",-2.86161834070836,0,0.846176238669745,14.799460549085
"olcek_Z","MEMNUNIYET","ERS","GUV_Odeyici","Gelir",-0.279724049576308,0.666666666666667,5.06752431872751,6.70314251382404
"olcek_Z","MEMNUNIYET","ERS","GUV_Odeyici","MeslekGrup",-1.20162564632508,0.4,13.6386953626929,45.3557357872187
"olcek_Z","MEMNUNIYET","KAB","GUV_Odeyici","Cinsiyet",0.91297016250478,1,7.87437341596583,3.16022570575644
"olcek_Z","MEMNUNIYET","KAB","GUV_Odeyici","YasGrup",-1.25109031158257,0,0.599173174770654,2.09360132959121
"olcek_Z","MEMNUNIYET","KAB","GUV_Odeyici","EgitimGrup",-1.82184817471066,0,5.17567604378335,32.0026318083691
"olcek_Z","MEMNUNIYET","KAB","GUV_Odeyici","MedeniDurum",2.65923617423155,1,4.26227499757569,0.2983663602729
"olcek_Z","MEMNUNIYET","KAB","GUV_Odeyici","Gelir",-2.15943924945589,0.333333333333333,2.62069334534124,22.7116536912069
"olcek_Z","MEMNUNIYET","KAB","GUV_Odeyici","MeslekGrup",-1.57252961866895,0.2,9.20245605235613,44.3450029862477
"olcek_Z","MEMNUNIYET","UYG","GUV_Odeyici","Cinsiyet",-0.750871925050148,0,5.88021452881052,12.4592730839397
"olcek_Z","MEMNUNIYET","UYG","GUV_Odeyici","YasGrup",-3.43957047124157,0,0.64102553173905,19.9830516060333
"olcek_Z","MEMNUNIYET","UYG","GUV_Odeyici","EgitimGrup",-2.03173418623292,0,3.2472729731334,24.7679318986018
"olcek_Z","MEMNUNIYET","UYG","GUV_Odeyici","MedeniDurum",-1.11758900885729,0,3.90668890407717,11.9445988630147
"olcek_Z","MEMNUNIYET","UYG","GUV_Odeyici","Gelir",-2.17913818748242,0.333333333333333,2.17728873562333,19.2443708590914
"olcek_Z","MEMNUNIYET","UYG","GUV_Odeyici","MeslekGrup",-1.46898463444589,0,12.0510776801598,52.359779251692
"olcek_Z","MEMNUNIYET","ULS","GUV_Odeyici","Cinsiyet",0.871235455830002,1,2.56028976481466,1.07131297986571
"olcek_Z","MEMNUNIYET","ULS","GUV_Odeyici","YasGrup",-2.0701518966609,0,1.71866507926097,13.6221858286176
"olcek_Z","MEMNUNIYET","ULS","GUV_Odeyici","EgitimGrup",0.433885579673736,1,7.57422171365777,4.90799261251189
"olcek_Z","MEMNUNIYET","ULS","GUV_Odeyici","MedeniDurum",-2.44315482562789,0,2.29628508723495,26.4286187686545
"olcek_Z","MEMNUNIYET","ULS","GUV_Odeyici","Gelir",-1.25038904223269,0,6.04758682023789,21.1163656527892
"olcek_Z","MEMNUNIYET","ULS","GUV_Odeyici","MeslekGrup",-0.736923806225886,0.4,8.25468174984163,17.2481403363049
"olcek_Z","MEMNUNIYET","ERISIM","GUV_Odeyici","Cinsiyet",0.597292713165603,1,4.48312354384531,2.46706036959759
"olcek_Z","MEMNUNIYET","ERISIM","GUV_Odeyici","YasGrup",-1.89975162153071,0,2.5565132806807,17.0883330906077
"olcek_Z","MEMNUNIYET","ERISIM","GUV_Odeyici","EgitimGrup",-1.47979869472203,0,6.12244867301451,26.890170810501
"olcek_Z","MEMNUNIYET","ERISIM","GUV_Odeyici","MedeniDurum",-5.22398451596317,0,0.0796183588970009,14.7829437604233
"olcek_Z","MEMNUNIYET","ERISIM","GUV_Odeyici","Gelir",-2.94354338414835,0,0.898585295798112,17.0578370432731
"olcek_Z","MEMNUNIYET","ERISIM","GUV_Odeyici","MeslekGrup",-1.44023951779018,0.2,9.15071470881664,38.6316351820941
"olcek_Z","ERISIM","SOY_index","GUV_Odeyici","Cinsiyet",-1.31036001988452,0,3.74830066568491,13.8968556635503
"olcek_Z","ERISIM","SOY_index","GUV_Odeyici","YasGrup",-1.34979276729574,0,14.1945768605249,54.7431774555326
"olcek_Z","ERISIM","SOY_index","GUV_Odeyici","EgitimGrup",-1.25708164494203,0.333333333333333,14.645194068987,51.4800254541439
"olcek_Z","ERISIM","SOY_index","GUV_Odeyici","MedeniDurum",-1.93102579457767,0,3.06755559593427,21.1556459738845
"olcek_Z","ERISIM","SOY_index","GUV_Odeyici","Gelir",-0.476952216012822,0.333333333333333,8.49246054819024,13.6826826349144
"olcek_Z","ERISIM","SOY_index","GUV_Odeyici","MeslekGrup",-1.56472379855533,0.4,10.9235596505397,52.2294071591037
"olcek_Z","MEMNUNIYET","SOY_index","GUV_Odeyici","Cinsiyet",-0.566582888206778,0,10.927239124408,19.256363215537
"olcek_Z","MEMNUNIYET","SOY_index","GUV_Odeyici","YasGrup",-1.01319793890866,0,0.661868509580245,1.82304755184324
"olcek_Z","MEMNUNIYET","SOY_index","GUV_Odeyici","EgitimGrup",0.265926947937974,0.333333333333333,11.8297476155964,9.06744380999363
"olcek_Z","MEMNUNIYET","SOY_index","GUV_Odeyici","MedeniDurum",-2.96717196738449,0,0.26006174420681,5.05478745660373
"olcek_Z","MEMNUNIYET","SOY_index","GUV_Odeyici","Gelir",-0.690104131787204,0.333333333333333,7.92401594417289,15.7998788674662
"olcek_Z","MEMNUNIYET","SOY_index","GUV_Odeyici","MeslekGrup",-0.637355349749778,0.6,10.4075801158897,19.6856461463959
"olcek_Z","ERISIM","MTT","GUVEN","Cinsiyet",0.532485518372059,1,3.02032582703712,1.77336557270029
"olcek_Z","ERISIM","MTT","GUVEN","YasGrup",-2.78045023489561,0,1.95285653361009,31.4923112709784
"olcek_Z","ERISIM","MTT","GUVEN","EgitimGrup",-2.5556395009865,0,3.81210842065574,49.0981782238597
"olcek_Z","ERISIM","MTT","GUVEN","MedeniDurum",-2.8956827126382,0,1.33595894944638,24.1753149189109
"olcek_Z","ERISIM","MTT","GUVEN","Gelir",-1.57688372441853,0,1.57780324611676,7.6363310478519
"olcek_Z","ERISIM","MTT","GUVEN","MeslekGrup",-1.42867813430661,0.6,6.85927873764036,28.6249991259425
"olcek_Z","ERISIM","FCV","GUVEN","Cinsiyet",0.0292074798676114,1,10.8712382085362,10.5583089208133
"olcek_Z","ERISIM","FCV","GUVEN","YasGrup",-2.77301018079355,0,3.1770703176146,50.8545538025916
"olcek_Z","ERISIM","FCV","GUVEN","EgitimGrup",-2.70229473933348,0.333333333333333,6.77750957148839,101.079208832187
"olcek_Z","ERISIM","FCV","GUVEN","MedeniDurum",-2.46446030668526,0,2.93192027317416,34.4709831319286
"olcek_Z","ERISIM","FCV","GUVEN","Gelir",-1.35746584614768,1,7.21745018714666,28.0494094432612
"olcek_Z","ERISIM","FCV","GUVEN","MeslekGrup",-1.58388325804026,0.2,9.52743293524446,46.4352362765521
"olcek_Z","ERISIM","RNS","GUVEN","Cinsiyet",0.420733781245874,1,10.0120657532657,6.57357062652848
"olcek_Z","ERISIM","RNS","GUVEN","YasGrup",-2.51969862859586,0,6.06449751880764,75.350481840108
"olcek_Z","ERISIM","RNS","GUVEN","EgitimGrup",-2.4734561208944,0.333333333333333,8.37030153930385,99.3000457764065
"olcek_Z","ERISIM","RNS","GUVEN","MedeniDurum",-3.26579546770832,0,1.71059633203912,44.8192401670012
"olcek_Z","ERISIM","RNS","GUVEN","Gelir",-1.41117673831722,0.666666666666667,8.66138036069299,35.518399005391
"olcek_Z","ERISIM","RNS","GUVEN","MeslekGrup",-2.51595829567899,0.2,8.63990509974482,106.948765819555
"olcek_Z","ERISIM","ILT","GUVEN","Cinsiyet",0.0611102202556248,1,6.47507079613139,6.09122567015106
"olcek_Z","ERISIM","ILT","GUVEN","YasGrup",-2.72814993782526,0,2.06543185631303,31.6104979264599
"olcek_Z","ERISIM","ILT","GUVEN","EgitimGrup",-1.99501740581657,0.333333333333333,7.82313665681387,57.5182902234489
"olcek_Z","ERISIM","ILT","GUVEN","MedeniDurum",-2.68430462377538,0,2.28783288823412,33.5122036427917
"olcek_Z","ERISIM","ILT","GUVEN","Gelir",-1.72251674614972,0.333333333333333,2.03708410149758,11.404821145664
"olcek_Z","ERISIM","ILT","GUVEN","MeslekGrup",-1.42270510254633,0.6,10.7685950970586,44.6716530256643
"olcek_Z","ERISIM","MEMNUNIYET","GUVEN","Cinsiyet",2.91028114505311,1,5.63581164785199,0.306928639863862
"olcek_Z","ERISIM","MEMNUNIYET","GUVEN","YasGrup",-2.43365763622041,0,3.60204847554684,41.0651710844223
"olcek_Z","ERISIM","MEMNUNIYET","GUVEN","EgitimGrup",-2.28497724981462,0,6.8807763307981,67.6068112073406
"olcek_Z","ERISIM","MEMNUNIYET","GUVEN","MedeniDurum",-2.86357669107033,0,1.84822309137897,32.3884339608073
"olcek_Z","ERISIM","MEMNUNIYET","GUVEN","Gelir",-1.88083153082815,0,1.54907596320588,10.1603220216304
"olcek_Z","ERISIM","MEMNUNIYET","GUVEN","MeslekGrup",-1.16617305176708,0.4,7.83746254317155,25.1557922810031
"olcek_Z","MEMNUNIYET","ERS","GUVEN","Cinsiyet",-1.32802748512744,0,6.50491091116572,24.5468835372216
"olcek_Z","MEMNUNIYET","ERS","GUVEN","YasGrup",-2.78331658055117,0,2.11165580967999,34.1509009789999
"olcek_Z","MEMNUNIYET","ERS","GUVEN","EgitimGrup",-2.16419366920936,0,7.8835204134838,68.6463681818076
"olcek_Z","MEMNUNIYET","ERS","GUVEN","MedeniDurum",-3.43633037406916,0,0.846176238669745,26.2930005341338
"olcek_Z","MEMNUNIYET","ERS","GUVEN","Gelir",-0.80587268766212,0.666666666666667,5.06752431872751,11.3444097215539
"olcek_Z","MEMNUNIYET","ERS","GUVEN","MeslekGrup",-1.39878258241812,0.2,13.6386953626929,55.240345492676
"olcek_Z","MEMNUNIYET","KAB","GUVEN","Cinsiyet",8.37625594626785,1,7.87437341596583,0.00181322573710852
"olcek_Z","MEMNUNIYET","KAB","GUVEN","YasGrup",-1.92002138402605,0,0.599173174770654,4.08702279530099
"olcek_Z","MEMNUNIYET","KAB","GUVEN","EgitimGrup",-2.06445024735358,0,5.17567604378335,40.7893172957402
"olcek_Z","MEMNUNIYET","KAB","GUVEN","MedeniDurum",-1.15221890353272,1,4.26227499757569,13.4909887134995
"olcek_Z","MEMNUNIYET","KAB","GUVEN","Gelir",-2.27424423193772,0,2.62069334534124,25.4746325166498
"olcek_Z","MEMNUNIYET","KAB","GUVEN","MeslekGrup",-1.68217894901239,0,9.20245605235613,49.4839987894199
"olcek_Z","MEMNUNIYET","UYG","GUVEN","Cinsiyet",-0.817696263807522,1,5.88021452881052,13.3203043039608
"olcek_Z","MEMNUNIYET","UYG","GUVEN","YasGrup",-3.79258663046685,0,0.64102553173905,28.4429593084153
"olcek_Z","MEMNUNIYET","UYG","GUVEN","EgitimGrup",-2.55887504799566,0,3.2472729731334,41.9589017630521
"olcek_Z","MEMNUNIYET","UYG","GUVEN","MedeniDurum",-1.83069173842345,0,3.90668890407717,24.3707082163864
"olcek_Z","MEMNUNIYET","UYG","GUVEN","Gelir",-2.17024296920463,0,2.17728873562333,19.073947081671
"olcek_Z","MEMNUNIYET","UYG","GUVEN","MeslekGrup",-1.59798169916368,0.2,12.0510776801598,59.5690289073574
"olcek_Z","MEMNUNIYET","ULS","GUVEN","Cinsiyet",-0.185988892717185,1,2.56028976481466,3.08363573679945
"olcek_Z","MEMNUNIYET","ULS","GUVEN","YasGrup",-2.35751435750311,0,1.71866507926097,18.1571102907542
"olcek_Z","MEMNUNIYET","ULS","GUVEN","EgitimGrup",-0.264453659088652,1,7.57422171365777,9.8670829380657
"olcek_Z","MEMNUNIYET","ULS","GUVEN","MedeniDurum",-2.81268090775645,0,2.29628508723495,38.2434976412082
"olcek_Z","MEMNUNIYET","ULS","GUVEN","Gelir",-1.14291627191727,0,6.04758682023789,18.9646286250625
"olcek_Z","MEMNUNIYET","ULS","GUVEN","MeslekGrup",-0.68189172983031,0.6,8.25468174984163,16.3245850153497
"olcek_Z","MEMNUNIYET","ERISIM","GUVEN","Cinsiyet",1.94115730268754,1,4.48312354384531,0.643497399647157
"olcek_Z","MEMNUNIYET","ERISIM","GUVEN","YasGrup",-2.10009007206691,0,2.5565132806807,20.8788024176332
"olcek_Z","MEMNUNIYET","ERISIM","GUVEN","EgitimGrup",-1.75469531374322,0.333333333333333,6.12244867301451,35.3980750508048
"olcek_Z","MEMNUNIYET","ERISIM","GUVEN","MedeniDurum",-5.88018868870925,0,0.0796183588970009,28.4935640977626
"olcek_Z","MEMNUNIYET","ERISIM","GUVEN","Gelir",-2.82944807179805,0,0.898585295798112,15.2185402269625
"olcek_Z","MEMNUNIYET","ERISIM","GUVEN","MeslekGrup",-1.47113360887188,0,9.15071470881664,39.8437516499727
"olcek_Z","ERISIM","SOY_index","GUVEN","Cinsiyet",-1.733314215177,0,3.74830066568491,21.2130551017319
"olcek_Z","ERISIM","SOY_index","GUVEN","YasGrup",-1.5859786972943,0,14.1945768605249,69.3272937791515
"olcek_Z","ERISIM","SOY_index","GUVEN","EgitimGrup",-1.45366849192096,0.333333333333333,14.645194068987,62.6635992100894
"olcek_Z","ERISIM","SOY_index","GUVEN","MedeniDurum",-2.18106710059321,0,3.06755559593427,27.1655092155276
"olcek_Z","ERISIM","SOY_index","GUVEN","Gelir",-0.57664567275361,0.333333333333333,8.49246054819024,15.117068184725
"olcek_Z","ERISIM","SOY_index","GUVEN","MeslekGrup",-1.04761364255504,0.2,10.9235596505397,31.1413194068947
"olcek_Z","MEMNUNIYET","SOY_index","GUVEN","Cinsiyet",-0.829733296092423,0,10.927239124408,25.052959662945
"olcek_Z","MEMNUNIYET","SOY_index","GUVEN","YasGrup",-0.912734387656246,0,0.661868509580245,1.64879715964807
"olcek_Z","MEMNUNIYET","SOY_index","GUVEN","EgitimGrup",-0.153748264155068,0.333333333333333,11.8297476155964,13.7958194487154
"olcek_Z","MEMNUNIYET","SOY_index","GUVEN","MedeniDurum",-2.91328820332505,0,0.26006174420681,4.78962462157264
"olcek_Z","MEMNUNIYET","SOY_index","GUVEN","Gelir",-0.469062487616955,0.333333333333333,7.92401594417289,12.6664989358073
"olcek_Z","MEMNUNIYET","SOY_index","GUVEN","MeslekGrup",-0.617836450193491,0.4,10.4075801158897,19.3051297083573
"olcek_Z","ERISIM","MTT","SOY_index","Cinsiyet",1.24267861208053,1,3.02032582703712,0.871696553337775
"olcek_Z","ERISIM","MTT","SOY_index","YasGrup",-0.0107034960722058,1,1.95285653361009,1.97387119047481
"olcek_Z","ERISIM","MTT","SOY_index","EgitimGrup",-1.10758562161456,0.333333333333333,3.81210842065574,11.5394090472725
"olcek_Z","ERISIM","MTT","SOY_index","MedeniDurum",-1.51789865722559,0,1.33595894944638,6.09548303763275
"olcek_Z","ERISIM","MTT","SOY_index","Gelir",-1.90678587260359,0,1.57780324611676,10.6208537892007
"olcek_Z","ERISIM","MTT","SOY_index","MeslekGrup",-0.882131056468823,0.2,6.85927873764036,16.5723120376665
"olcek_Z","ERISIM","FCV","SOY_index","Cinsiyet",2.38781966843467,1,10.8712382085362,0.998302370349007
"olcek_Z","ERISIM","FCV","SOY_index","YasGrup",0.0687398672971016,1,3.1770703176146,2.96601594865066
"olcek_Z","ERISIM","FCV","SOY_index","EgitimGrup",-1.02315826580249,0,6.77750957148839,18.854808635385
"olcek_Z","ERISIM","FCV","SOY_index","MedeniDurum",-0.351945845252279,0,2.93192027317416,4.1686966706787
"olcek_Z","ERISIM","FCV","SOY_index","Gelir",-0.596289619585851,0.333333333333333,7.21745018714666,13.1023466933683
"olcek_Z","ERISIM","FCV","SOY_index","MeslekGrup",-0.939223262123427,0.2,9.52743293524446,24.3711139731638
"olcek_Z","ERISIM","RNS","SOY_index","Cinsiyet",0.971239269573147,1,10.0120657532657,3.7907036814207
"olcek_Z","ERISIM","RNS","SOY_index","YasGrup",-0.242842126063149,1,6.06449751880764,7.73142982240658
"olcek_Z","ERISIM","RNS","SOY_index","EgitimGrup",-0.910928417530404,0,8.37030153930385,20.8138437099804
"olcek_Z","ERISIM","RNS","SOY_index","MedeniDurum",0.189583115406048,1,1.71059633203912,1.41518310462025
"olcek_Z","ERISIM","RNS","SOY_index","Gelir",-0.454081495858555,0.666666666666667,8.66138036069299,13.6393036785348
"olcek_Z","ERISIM","RNS","SOY_index","MeslekGrup",-1.08945634093603,0.4,8.63990509974482,25.6834788949592
"olcek_Z","ERISIM","ILT","SOY_index","Cinsiyet",1.26640714911833,1,6.47507079613139,1.82494963289104
"olcek_Z","ERISIM","ILT","SOY_index","YasGrup",-1.01495020139271,0,2.06543185631303,5.69899327268374
"olcek_Z","ERISIM","ILT","SOY_index","EgitimGrup",-0.749651270170073,0.333333333333333,7.82313665681387,16.5558059334038
"olcek_Z","ERISIM","ILT","SOY_index","MedeniDurum",-0.818160056519201,0,2.28783288823412,5.1849753701207
"olcek_Z","ERISIM","ILT","SOY_index","Gelir",-1.2029220714337,0,2.03708410149758,6.78314933778136
"olcek_Z","ERISIM","ILT","SOY_index","MeslekGrup",-0.606109720675123,0.4,10.7685950970586,19.7419094200708
"olcek_Z","ERISIM","MEMNUNIYET","SOY_index","Cinsiyet",3.27297800429396,1,5.63581164785199,0.213560123867111
"olcek_Z","ERISIM","MEMNUNIYET","SOY_index","YasGrup",-0.272645181954662,0,3.60204847554684,4.73105341605634
"olcek_Z","ERISIM","MEMNUNIYET","SOY_index","EgitimGrup",-0.909756512815189,0,6.8807763307981,17.0899060208804
"olcek_Z","ERISIM","MEMNUNIYET","SOY_index","MedeniDurum",-0.782783523362356,0,1.84822309137897,4.04308580152717
"olcek_Z","ERISIM","MEMNUNIYET","SOY_index","Gelir",-1.8106887917925,0,1.54907596320588,9.47206933000469
"olcek_Z","ERISIM","MEMNUNIYET","SOY_index","MeslekGrup",-0.846796278735126,0.4,7.83746254317155,18.2782422834578
"olcek_Z","MEMNUNIYET","ERS","SOY_index","Cinsiyet",-0.54540182194921,0,6.50491091116572,11.2229326060031
"olcek_Z","MEMNUNIYET","ERS","SOY_index","YasGrup",-1.33708498374306,0,2.11165580967999,8.04103149931762
"olcek_Z","MEMNUNIYET","ERS","SOY_index","EgitimGrup",0.162343870815023,0.666666666666667,7.8835204134838,6.70216551954066
"olcek_Z","MEMNUNIYET","ERS","SOY_index","MedeniDurum",-0.32446478930364,0,0.846176238669745,1.1705072143972
"olcek_Z","MEMNUNIYET","ERS","SOY_index","Gelir",-0.592451654018904,0.666666666666667,5.06752431872751,9.16419509082397
"olcek_Z","MEMNUNIYET","ERS","SOY_index","MeslekGrup",-0.0628969067386493,0.4,13.6386953626929,14.5240792021385
"olcek_Z","MEMNUNIYET","KAB","SOY_index","Cinsiyet",-0.528614789281408,0,7.87437341596583,13.3595088555337
"olcek_Z","MEMNUNIYET","KAB","SOY_index","YasGrup",-2.53394705794522,0,0.599173174770654,7.55147159205297
"olcek_Z","MEMNUNIYET","KAB","SOY_index","EgitimGrup",1.08609620849082,1,5.17567604378335,1.74695409584452
"olcek_Z","MEMNUNIYET","KAB","SOY_index","MedeniDurum",0.47308706564359,1,4.26227499757569,2.6557204867691
"olcek_Z","MEMNUNIYET","KAB","SOY_index","Gelir",-0.81610113323709,0.333333333333333,2.62069334534124,5.92712963053596
"olcek_Z","MEMNUNIYET","KAB","SOY_index","MeslekGrup",-0.672463431526448,0.4,9.20245605235613,18.0281394988523
"olcek_Z","MEMNUNIYET","UYG","SOY_index","Cinsiyet",-0.708595930830232,0,5.88021452881052,11.9435236492555
"olcek_Z","MEMNUNIYET","UYG","SOY_index","YasGrup",-2.72939464756853,0,0.64102553173905,9.82282412772607
"olcek_Z","MEMNUNIYET","UYG","SOY_index","EgitimGrup",0.621622181005353,0.666666666666667,3.2472729731334,1.74402101493664
"olcek_Z","MEMNUNIYET","UYG","SOY_index","MedeniDurum",-0.590035307881562,0,3.90668890407717,7.0478703745382
"olcek_Z","MEMNUNIYET","UYG","SOY_index","Gelir",-1.06922643708616,0.333333333333333,2.17728873562333,6.34271457751461
"olcek_Z","MEMNUNIYET","UYG","SOY_index","MeslekGrup",-0.436410879646194,0.2,12.0510776801598,18.6447568015145
"olcek_Z","MEMNUNIYET","ULS","SOY_index","Cinsiyet",-0.992966144379858,0,2.56028976481466,6.91080817539091
"olcek_Z","MEMNUNIYET","ULS","SOY_index","YasGrup",-0.865495987983701,0,1.71866507926097,4.08386508252345
"olcek_Z","MEMNUNIYET","ULS","SOY_index","EgitimGrup",0.0326834610427096,0.333333333333333,7.57422171365777,7.33067164246032
"olcek_Z","MEMNUNIYET","ULS","SOY_index","MedeniDurum",2.53437509256094,1,2.29628508723495,0.18212126811771
"olcek_Z","MEMNUNIYET","ULS","SOY_index","Gelir",-0.100488895936065,0.333333333333333,6.04758682023789,6.6868854714361
"olcek_Z","MEMNUNIYET","ULS","SOY_index","MeslekGrup",-0.433720377279158,0.4,8.25468174984163,12.7368695523274
"olcek_Z","MEMNUNIYET","ERISIM","SOY_index","Cinsiyet",-0.798154790165154,0,4.48312354384531,9.9589815712129
"olcek_Z","MEMNUNIYET","ERISIM","SOY_index","YasGrup",-0.738633579111731,0,2.5565132806807,5.35097031390088
"olcek_Z","MEMNUNIYET","ERISIM","SOY_index","EgitimGrup",1.15142695378066,1,6.12244867301451,1.93582805270445
"olcek_Z","MEMNUNIYET","ERISIM","SOY_index","MedeniDurum",-2.48327554744628,0,0.0796183588970009,0.953863298523423
"olcek_Z","MEMNUNIYET","ERISIM","SOY_index","Gelir",-1.87979770685171,0,0.898585295798112,5.88769200041076
"olcek_Z","MEMNUNIYET","ERISIM","SOY_index","MeslekGrup",-0.490297307574725,0.4,9.15071470881664,14.9413015515605
"olcek_Z","ERISIM","GUV_Saglayici","SOY_index","Cinsiyet",1.35062573216173,1,2.54058761769794,0.658210596367529
"olcek_Z","ERISIM","GUV_Saglayici","SOY_index","YasGrup",-0.7896821511201,0,3.68250881250381,8.11144814466577
"olcek_Z","ERISIM","GUV_Saglayici","SOY_index","EgitimGrup",-0.937577566550893,0,4.36955449963343,11.1589138471225
"olcek_Z","ERISIM","GUV_Saglayici","SOY_index","MedeniDurum",0.443403148936347,1,2.55071142576674,1.63717002968522
"olcek_Z","ERISIM","GUV_Saglayici","SOY_index","Gelir",-0.115710159190034,0.666666666666667,2.04328585094058,2.29393660461465
"olcek_Z","ERISIM","GUV_Saglayici","SOY_index","MeslekGrup",-0.469889413153215,0,11.4864054510786,18.3761497558381
"olcek_Z","MEMNUNIYET","GUV_Saglayici","SOY_index","Cinsiyet",-0.705020435704442,0,4.74879106842945,9.61102147745591
"olcek_Z","MEMNUNIYET","GUV_Saglayici","SOY_index","YasGrup",-0.628763957863028,0,2.57132332112818,4.82198002370113
"olcek_Z","MEMNUNIYET","GUV_Saglayici","SOY_index","EgitimGrup",-0.453547824489547,0.333333333333333,4.60696129767253,7.25083264917307
"olcek_Z","MEMNUNIYET","GUV_Saglayici","SOY_index","MedeniDurum",1.655512623859,1,1.37433894602787,0.262490652871949
"olcek_Z","MEMNUNIYET","GUV_Saglayici","SOY_index","Gelir",-1.1107605891466,0,2.2322398482862,6.77856948858457
"olcek_Z","MEMNUNIYET","GUV_Saglayici","SOY_index","MeslekGrup",-0.654851734095028,0.2,7.55496505253309,14.5422281727064
"olcek_Z","ERISIM","GUV_Odeyici","SOY_index","Cinsiyet",0.529267616057195,1,4.29521174336006,2.5300352526773
"olcek_Z","ERISIM","GUV_Odeyici","SOY_index","YasGrup",-1.71363679735804,0,0.584282216501906,3.24224388093808
"olcek_Z","ERISIM","GUV_Odeyici","SOY_index","EgitimGrup",-0.926357689164725,0,3.15780330091777,7.97438331975503
"olcek_Z","ERISIM","GUV_Odeyici","SOY_index","MedeniDurum",1.50929537516526,1,1.96775888573549,0.435003970930929
"olcek_Z","ERISIM","GUV_Odeyici","SOY_index","Gelir",-0.456431307061746,0.333333333333333,4.73882250090094,7.47990428027518
"olcek_Z","ERISIM","GUV_Odeyici","SOY_index","MeslekGrup",-0.63994858957824,0.4,10.5621341525545,20.0298557041379
"olcek_Z","MEMNUNIYET","GUV_Odeyici","SOY_index","Cinsiyet",-0.542459469086574,0,1.53141877379664,2.63439638718625
"olcek_Z","MEMNUNIYET","GUV_Odeyici","SOY_index","YasGrup",-0.483661213285628,0,4.0371823600728,6.54831802936794
"olcek_Z","MEMNUNIYET","GUV_Odeyici","SOY_index","EgitimGrup",-0.286548248822085,0.333333333333333,7.08210244384114,9.43210285564107
"olcek_Z","MEMNUNIYET","GUV_Odeyici","SOY_index","MedeniDurum",0.896933706873612,1,2.07695409118132,0.847019745229389
"olcek_Z","MEMNUNIYET","GUV_Odeyici","SOY_index","Gelir",-1.29260366195803,0.333333333333333,1.77106463100337,6.45067333422343
"olcek_Z","MEMNUNIYET","GUV_Odeyici","SOY_index","MeslekGrup",-0.620925555696364,0.4,6.15997329046088,11.4615504908332
"olcek_Z","ERISIM","GUVEN","SOY_index","Cinsiyet",1.21954238593809,1,3.06901614068955,0.906480863956458
"olcek_Z","ERISIM","GUVEN","SOY_index","YasGrup",-1.01602625501717,0,2.28093934487212,6.30040306107548
"olcek_Z","ERISIM","GUVEN","SOY_index","EgitimGrup",-1.11296073370462,0,3.40459469405638,10.3613924649247
"olcek_Z","ERISIM","GUVEN","SOY_index","MedeniDurum",0.773813217334842,1,2.03925412652178,0.940607715918232
"olcek_Z","ERISIM","GUVEN","SOY_index","Gelir",-0.261798154831172,0.333333333333333,2.33435781188095,3.03294769143356
"olcek_Z","ERISIM","GUVEN","SOY_index","MeslekGrup",-0.518663315131664,0,11.1302611686761,18.6963991369514
"olcek_Z","MEMNUNIYET","GUVEN","SOY_index","Cinsiyet",-0.664921990290213,0,3.59608759332766,6.9920127824032
"olcek_Z","MEMNUNIYET","GUVEN","SOY_index","YasGrup",-0.474704304937135,0,2.8722588113192,4.61726744846706
"olcek_Z","MEMNUNIYET","GUVEN","SOY_index","EgitimGrup",-0.300232644410235,0.333333333333333,4.42255033744007,5.97120753491941
"olcek_Z","MEMNUNIYET","GUVEN","SOY_index","MedeniDurum",0.989302318070567,1,1.53294579391442,0.570004462459329
"olcek_Z","MEMNUNIYET","GUVEN","SOY_index","Gelir",-0.98598102930988,0,2.17606077648598,5.83280076791651
"olcek_Z","MEMNUNIYET","GUVEN","SOY_index","MeslekGrup",-0.684491042439977,0.2,6.43730336632315,12.7636433185791
"olcek_Z","ERISIM","MTT","Yas","Cinsiyet",0.0718136635673898,1,3.02032582703712,2.81103024533139
"olcek_Z","ERISIM","MTT","Yas","EgitimGrup",0.0733324842017591,0.666666666666667,3.81210842065574,3.54256110985055
"olcek_Z","ERISIM","MTT","Yas","MedeniDurum",0.165844267246959,1,1.33595894944638,1.1317952394969
"olcek_Z","ERISIM","MTT","Yas","Gelir",-0.0180878167392727,0.333333333333333,1.57780324611676,1.60660192975431
"olcek_Z","ERISIM","MTT","Yas","MeslekGrup",-0.0203270254271841,0.4,6.85927873764036,7.0001342075665
"olcek_Z","ERISIM","FCV","Yas","Cinsiyet",0.0894670171350591,1,10.8712382085362,9.94086051705337
"olcek_Z","ERISIM","FCV","Yas","EgitimGrup",0.0467643185660518,0.666666666666667,6.77750957148839,6.46786064380259
"olcek_Z","ERISIM","FCV","Yas","MedeniDurum",0.177082294182246,1,2.93192027317416,2.45610140190204
"olcek_Z","ERISIM","FCV","Yas","Gelir",-0.0289168581999473,0.333333333333333,7.21745018714666,7.4292030293504
"olcek_Z","ERISIM","FCV","Yas","MeslekGrup",-0.038967828451868,0.2,9.52743293524446,9.9060248541391
"olcek_Z","ERISIM","RNS","Yas","Cinsiyet",0.0877023603893177,1,10.0120657532657,9.1713874731764
"olcek_Z","ERISIM","RNS","Yas","EgitimGrup",0.0666262032852551,0.666666666666667,8.37030153930385,7.83079241012464
"olcek_Z","ERISIM","RNS","Yas","MedeniDurum",-0.219836196389465,0,1.71059633203912,2.13118516282367
"olcek_Z","ERISIM","RNS","Yas","Gelir",-0.00299106576977293,0.666666666666667,8.66138036069299,8.68732590210572
"olcek_Z","ERISIM","RNS","Yas","MeslekGrup",-0.0352450372242359,0.2,8.63990509974482,8.94984878124843
"olcek_Z","ERISIM","ILT","Yas","Cinsiyet",0.0847811438526154,1,6.47507079613139,5.94873384231779
"olcek_Z","ERISIM","ILT","Yas","EgitimGrup",0.0134362788890647,0.666666666666667,7.82313665681387,7.71872582807868
"olcek_Z","ERISIM","ILT","Yas","MedeniDurum",-0.206950992462862,0,2.28783288823412,2.81385667840933
"olcek_Z","ERISIM","ILT","Yas","Gelir",-0.00800807019906202,0.666666666666667,2.03708410149758,2.05346270704655
"olcek_Z","ERISIM","ILT","Yas","MeslekGrup",-0.0176201292849423,0.2,10.7685950970586,10.9600206539774
"olcek_Z","ERISIM","MEMNUNIYET","Yas","Cinsiyet",0.102950792360563,1,5.63581164785199,5.0844678925175
"olcek_Z","ERISIM","MEMNUNIYET","Yas","EgitimGrup",0.0227025420418121,0.666666666666667,6.8807763307981,6.72632506847343
"olcek_Z","ERISIM","MEMNUNIYET","Yas","MedeniDurum",-0.120449282213682,0,1.84822309137897,2.08480217197861
"olcek_Z","ERISIM","MEMNUNIYET","Yas","Gelir",-0.0236458253721872,0.333333333333333,1.54907596320588,1.58614164040879
"olcek_Z","ERISIM","MEMNUNIYET","Yas","MeslekGrup",-0.0330492455179172,0.4,7.83746254317155,8.10081255700184
"olcek_Z","MEMNUNIYET","ERS","Yas","Cinsiyet",-0.0287953775573391,0,6.50491091116572,6.69494520090594
"olcek_Z","MEMNUNIYET","ERS","Yas","EgitimGrup",-0.00568218200130755,0.333333333333333,7.8835204134838,7.92844352110783
"olcek_Z","MEMNUNIYET","ERS","Yas","MedeniDurum",-0.64379796209239,0,0.846176238669745,1.61086346125525
"olcek_Z","MEMNUNIYET","ERS","Yas","Gelir",-0.102413628220476,0.333333333333333,5.06752431872751,5.61401430878455
"olcek_Z","MEMNUNIYET","ERS","Yas","MeslekGrup",0.01238639172754,0.8,13.6386953626929,13.4708030755079
"olcek_Z","MEMNUNIYET","KAB","Yas","Cinsiyet",-0.0508355313580298,0,7.87437341596583,8.28502067824267
"olcek_Z","MEMNUNIYET","KAB","Yas","EgitimGrup",0.093360121808219,1,5.17567604378335,4.71434432590598
"olcek_Z","MEMNUNIYET","KAB","Yas","MedeniDurum",-0.0225781080978833,0,4.26227499757569,4.35960371804771
"olcek_Z","MEMNUNIYET","KAB","Yas","Gelir",-0.15834906492329,0.333333333333333,2.62069334534124,3.07033901509395
"olcek_Z","MEMNUNIYET","KAB","Yas","MeslekGrup",0.0103327506256132,0.4,9.20245605235613,9.10785893457733
"olcek_Z","MEMNUNIYET","UYG","Yas","Cinsiyet",-0.144436789670048,0,5.88021452881052,6.79393318743241
"olcek_Z","MEMNUNIYET","UYG","Yas","EgitimGrup",-0.155167184734113,0.333333333333333,3.2472729731334,3.79233810868098
"olcek_Z","MEMNUNIYET","UYG","Yas","MedeniDurum",-0.105530436307055,0,3.90668890407717,4.34150309843994
"olcek_Z","MEMNUNIYET","UYG","Yas","Gelir",0.149741838847626,0.666666666666667,2.17728873562333,1.87449363931965
"olcek_Z","MEMNUNIYET","UYG","Yas","MeslekGrup",0.0294363224048797,0.6,12.0510776801598,11.7015085284288
"olcek_Z","MEMNUNIYET","ULS","Yas","Cinsiyet",-0.0101019274922914,0,2.56028976481466,2.5862847049165
"olcek_Z","MEMNUNIYET","ULS","Yas","EgitimGrup",-0.0498831477342767,0.333333333333333,7.57422171365777,7.96162997676404
"olcek_Z","MEMNUNIYET","ULS","Yas","MedeniDurum",-0.000460955165402233,1,2.29628508723495,2.29734381570619
"olcek_Z","MEMNUNIYET","ULS","Yas","Gelir",-0.074879368856329,0,6.04758682023789,6.51781168690773
"olcek_Z","MEMNUNIYET","ULS","Yas","MeslekGrup",-0.075924614932938,0.4,8.25468174984163,8.90582127920665
"olcek_Z","MEMNUNIYET","ERISIM","Yas","Cinsiyet",-0.10482095575493,0,4.48312354384531,4.97856142621444
"olcek_Z","MEMNUNIYET","ERISIM","Yas","EgitimGrup",0.00421977029961917,0.333333333333333,6.12244867301451,6.09666777888219
"olcek_Z","MEMNUNIYET","ERISIM","Yas","MedeniDurum",-1.61745160626967,0,0.0796183588970009,0.401294837446495
"olcek_Z","MEMNUNIYET","ERISIM","Yas","Gelir",0.555226984551691,1,0.898585295798112,0.515735811026414
"olcek_Z","MEMNUNIYET","ERISIM","Yas","MeslekGrup",0.00819263345760834,0.4,9.15071470881664,9.07605251484974
"olcek_Z","ERISIM","GUV_Saglayici","Yas","Cinsiyet",0.0761377918353542,1,2.54058761769794,2.35433334726896
"olcek_Z","ERISIM","GUV_Saglayici","Yas","EgitimGrup",-0.0181942009240776,0.333333333333333,4.36955449963343,4.44978268303263
"olcek_Z","ERISIM","GUV_Saglayici","Yas","MedeniDurum",-0.00472051595542988,0,2.55071142576674,2.56278056366433
"olcek_Z","ERISIM","GUV_Saglayici","Yas","Gelir",0.0220245516290569,0.666666666666667,2.04328585094058,1.99877535708953
"olcek_Z","ERISIM","GUV_Saglayici","Yas","MeslekGrup",0.00692854159610867,0.6,11.4864054510786,11.4070964780776
"olcek_Z","MEMNUNIYET","GUV_Saglayici","Yas","Cinsiyet",-0.094554604961278,0,4.74879106842945,5.21972479319507
"olcek_Z","MEMNUNIYET","GUV_Saglayici","Yas","EgitimGrup",-0.0290035973668366,0,4.60696129767253,4.74253632652567
"olcek_Z","MEMNUNIYET","GUV_Saglayici","Yas","MedeniDurum",-0.149176474704893,0,1.37433894602787,1.59543962417579
"olcek_Z","MEMNUNIYET","GUV_Saglayici","Yas","Gelir",0.269360977455532,1,2.2322398482862,1.70513539615128
"olcek_Z","MEMNUNIYET","GUV_Saglayici","Yas","MeslekGrup",-0.0195152178696314,0.4,7.55496505253309,7.70384987649008
"olcek_Z","ERISIM","GUV_Odeyici","Yas","Cinsiyet",0.0144549055876377,1,4.29521174336006,4.23357143865753
"olcek_Z","ERISIM","GUV_Odeyici","Yas","EgitimGrup",-0.0262256642759262,0.333333333333333,3.15780330091777,3.24171429179568
"olcek_Z","ERISIM","GUV_Odeyici","Yas","MedeniDurum",0.0280472426407978,1,1.96775888573549,1.91333545572754
"olcek_Z","ERISIM","GUV_Odeyici","Yas","Gelir",0.00522673380494587,0.666666666666667,4.73882250090094,4.71411855380533
"olcek_Z","ERISIM","GUV_Odeyici","Yas","MeslekGrup",0.00441223412357239,0.4,10.5621341525545,10.5156342035533
"olcek_Z","MEMNUNIYET","GUV_Odeyici","Yas","Cinsiyet",-0.41499781576367,0,1.53141877379664,2.3191307223927
"olcek_Z","MEMNUNIYET","GUV_Odeyici","Yas","EgitimGrup",-0.04641729243883,0.333333333333333,7.08210244384114,7.41858331810187
"olcek_Z","MEMNUNIYET","GUV_Odeyici","Yas","MedeniDurum",-0.0486759235129403,0,2.07695409118132,2.18055267424056
"olcek_Z","MEMNUNIYET","GUV_Odeyici","Yas","Gelir",-0.177138354089117,0.333333333333333,1.77106463100337,2.11429031391678
"olcek_Z","MEMNUNIYET","GUV_Odeyici","Yas","MeslekGrup",0.0140668278453944,0.8,6.15997329046088,6.07392861318304
"olcek_Z","ERISIM","GUVEN","Yas","Cinsiyet",0.0607670032899574,1,3.06901614068955,2.88807454129841
"olcek_Z","ERISIM","GUVEN","Yas","EgitimGrup",-0.0250282271727051,0.333333333333333,3.40459469405638,3.4908809556356
"olcek_Z","ERISIM","GUVEN","Yas","MedeniDurum",0.0154582423770786,1,2.03925412652178,2.00797323848263
"olcek_Z","ERISIM","GUVEN","Yas","Gelir",0.0146111334717499,0.333333333333333,2.33435781188095,2.3004981644642
"olcek_Z","ERISIM","GUVEN","Yas","MeslekGrup",0.00689235161300816,0.4,11.1302611686761,11.0538112575649
"olcek_Z","MEMNUNIYET","GUVEN","Yas","Cinsiyet",-0.136298385646601,0,3.59608759332766,4.12120196898542
"olcek_Z","MEMNUNIYET","GUVEN","Yas","EgitimGrup",-0.0461020887408958,0.333333333333333,4.42255033744007,4.63121206044962
"olcek_Z","MEMNUNIYET","GUVEN","Yas","MedeniDurum",-0.0832534875680242,0,1.53294579391442,1.6660319610625
"olcek_Z","MEMNUNIYET","GUVEN","Yas","Gelir",0.174685238205363,1,2.17606077648598,1.82728456369834
"olcek_Z","MEMNUNIYET","GUVEN","Yas","MeslekGrup",-0.00851199390101853,0.6,6.43730336632315,6.4923315208085
"olcek_Z","ERISIM","SOY_index","Yas","Cinsiyet",0.218064623873822,1,3.74830066568491,3.01390914955541
"olcek_Z","ERISIM","SOY_index","Yas","EgitimGrup",0.00488224809625049,0.666666666666667,14.645194068987,14.5738668583265
"olcek_Z","ERISIM","SOY_index","Yas","MedeniDurum",-0.171245602112621,0,3.06755559593427,3.64052034825189
"olcek_Z","ERISIM","SOY_index","Yas","Gelir",-0.00912119975517856,0.333333333333333,8.49246054819024,8.5702763244764
"olcek_Z","ERISIM","SOY_index","Yas","MeslekGrup",-0.0456752231606186,0.4,10.9235596505397,11.4340656643037
"olcek_Z","MEMNUNIYET","SOY_index","Yas","Cinsiyet",0.0151527903933109,1,10.927239124408,10.7629091334461
"olcek_Z","MEMNUNIYET","SOY_index","Yas","EgitimGrup",-0.0322333041203851,0,11.8297476155964,12.2172715040819
"olcek_Z","MEMNUNIYET","SOY_index","Yas","MedeniDurum",0.693755798590712,1,0.26006174420681,0.129951752044911
"olcek_Z","MEMNUNIYET","SOY_index","Yas","Gelir",-0.0923671886938457,0.333333333333333,7.92401594417289,8.6908029105271
"olcek_Z","MEMNUNIYET","SOY_index","Yas","MeslekGrup",-0.0175483593415575,0.2,10.4075801158897,10.5918279674099
"stil_Z","ERISIM","MTT","Longstring","Cinsiyet",0.0206314780425978,1,3.02032582703712,2.95865045558656
"stil_Z","ERISIM","MTT","Longstring","YasGrup",0.281108083569105,1,1.95285653361009,1.47430265904739
"stil_Z","ERISIM","MTT","Longstring","EgitimGrup",0.0283146925052722,0.333333333333333,3.81210842065574,3.70568354660371
"stil_Z","ERISIM","MTT","Longstring","MedeniDurum",-0.353696659769765,0,1.33595894944638,1.90283715177884
"stil_Z","ERISIM","MTT","Longstring","Gelir",-0.026312371537793,0.666666666666667,1.57780324611676,1.61987000265227
"stil_Z","ERISIM","MTT","Longstring","MeslekGrup",-0.0691088183436352,0.2,6.85927873764036,7.35007938881321
"stil_Z","ERISIM","FCV","Longstring","Cinsiyet",-0.0173114945881814,0,10.8712382085362,11.0610740200012
"stil_Z","ERISIM","FCV","Longstring","YasGrup",-0.328751199196525,0,3.1770703176146,4.41368829708159
"stil_Z","ERISIM","FCV","Longstring","EgitimGrup",0.00388377658539119,0.333333333333333,6.77750957148839,6.75123828738995
"stil_Z","ERISIM","FCV","Longstring","MedeniDurum",-0.432868944289674,0,2.93192027317416,4.52006573636988
"stil_Z","ERISIM","FCV","Longstring","Gelir",-0.0337602034487228,0.333333333333333,7.21745018714666,7.46527250253926
"stil_Z","ERISIM","FCV","Longstring","MeslekGrup",0.484697970856922,0.6,9.52743293524446,5.86778572143548
"stil_Z","ERISIM","RNS","Longstring","Cinsiyet",-0.0234719921978361,0,10.0120657532657,10.2498485843278
"stil_Z","ERISIM","RNS","Longstring","YasGrup",-0.221056103407432,0,6.06449751880764,7.56481425223108
"stil_Z","ERISIM","RNS","Longstring","EgitimGrup",-0.0337792225303066,0.333333333333333,8.37030153930385,8.65787345216682
"stil_Z","ERISIM","RNS","Longstring","MedeniDurum",2.64630857208172,1,1.71059633203912,0.121302651194057
"stil_Z","ERISIM","RNS","Longstring","Gelir",-0.0273850508279443,0.333333333333333,8.66138036069299,8.90185031534778
"stil_Z","ERISIM","RNS","Longstring","MeslekGrup",0.196061548907583,0.8,8.63990509974482,7.10167058315001
"stil_Z","ERISIM","ILT","Longstring","Cinsiyet",-0.00570291139241097,0,6.47507079613139,6.51210304665283
"stil_Z","ERISIM","ILT","Longstring","YasGrup",-0.0908188957749579,0,2.06543185631303,2.2617938381295
"stil_Z","ERISIM","ILT","Longstring","EgitimGrup",-0.0513020950716863,0,7.82313665681387,8.2349531648122
"stil_Z","ERISIM","ILT","Longstring","MedeniDurum",0.182020971881138,1,2.28783288823412,1.90710056470921
"stil_Z","ERISIM","ILT","Longstring","Gelir",-0.0655342368911391,0,2.03708410149758,2.17505436696786
"stil_Z","ERISIM","ILT","Longstring","MeslekGrup",0.0805690673305826,0.8,10.7685950970586,9.93501086185843
"stil_Z","ERISIM","MEMNUNIYET","Longstring","Cinsiyet",-0.0150925262015178,0,5.63581164785199,5.7215153991964
"stil_Z","ERISIM","MEMNUNIYET","Longstring","YasGrup",-0.109114797399251,0,3.60204847554684,4.01732999775302
"stil_Z","ERISIM","MEMNUNIYET","Longstring","EgitimGrup",-0.0470727980219277,0.333333333333333,6.8807763307981,7.21241814300909
"stil_Z","ERISIM","MEMNUNIYET","Longstring","MedeniDurum",0.38092850956288,1,1.84822309137897,1.26275541965765
"stil_Z","ERISIM","MEMNUNIYET","Longstring","Gelir",-0.0648120534822372,0,1.54907596320588,1.65279972711474
"stil_Z","ERISIM","MEMNUNIYET","Longstring","MeslekGrup",0.21545485878854,0.8,7.83746254317155,6.31836370798169
"stil_Z","MEMNUNIYET","ERS","Longstring","Cinsiyet",0.0018368167417695,0,6.50491091116572,6.49297354861199
"stil_Z","MEMNUNIYET","ERS","Longstring","YasGrup",-0.086675389266749,0,2.11165580967999,2.30285066101053
"stil_Z","MEMNUNIYET","ERS","Longstring","EgitimGrup",-0.0797612379277419,0.333333333333333,7.8835204134838,8.5380769001894
"stil_Z","MEMNUNIYET","ERS","Longstring","MedeniDurum",1.0261953408103,1,0.846176238669745,0.303242342445189
"stil_Z","MEMNUNIYET","ERS","Longstring","Gelir",-0.239831080943006,0.333333333333333,5.06752431872751,6.44099788793911
"stil_Z","MEMNUNIYET","ERS","Longstring","MeslekGrup",-0.104933201443878,0.4,13.6386953626929,15.1476317781317
"stil_Z","MEMNUNIYET","KAB","Longstring","Cinsiyet",0.0119902890038213,1,7.87437341596583,7.78052118495326
"stil_Z","MEMNUNIYET","KAB","Longstring","YasGrup",-0.523294853273943,0,0.599173174770654,1.01115196861029
"stil_Z","MEMNUNIYET","KAB","Longstring","EgitimGrup",-0.0286579129374003,0.333333333333333,5.17567604378335,5.32614589551496
"stil_Z","MEMNUNIYET","KAB","Longstring","MedeniDurum",-0.0252877225354813,0,4.26227499757569,4.37143258184419
"stil_Z","MEMNUNIYET","KAB","Longstring","Gelir",-0.10889772417855,0.333333333333333,2.62069334534124,2.92219966601012
"stil_Z","MEMNUNIYET","KAB","Longstring","MeslekGrup",-0.122464660643651,0,9.20245605235613,10.4013444456089
"stil_Z","MEMNUNIYET","UYG","Longstring","Cinsiyet",0.0310323923062579,1,5.88021452881052,5.7005396932047
"stil_Z","MEMNUNIYET","UYG","Longstring","YasGrup",4.40138531647028,1,0.64102553173905,0.00785918344757347
"stil_Z","MEMNUNIYET","UYG","Longstring","EgitimGrup",-0.016940844326008,0.666666666666667,3.2472729731334,3.30275313274015
"stil_Z","MEMNUNIYET","UYG","Longstring","MedeniDurum",0.166247986961529,1,3.90668890407717,3.30832559946756
"stil_Z","MEMNUNIYET","UYG","Longstring","Gelir",0.532773716960859,0.666666666666667,2.17728873562333,1.27801319843666
"stil_Z","MEMNUNIYET","UYG","Longstring","MeslekGrup",-0.137958544097387,0.2,12.0510776801598,13.8337690294886
"stil_Z","MEMNUNIYET","ULS","Longstring","Cinsiyet",-0.165296294396851,0,2.56028976481466,3.02048295192938
"stil_Z","MEMNUNIYET","ULS","Longstring","YasGrup",-0.397569936360936,0,1.71866507926097,2.55772402688374
"stil_Z","MEMNUNIYET","ULS","Longstring","EgitimGrup",0.163973138950348,1,7.57422171365777,6.42873293010179
"stil_Z","MEMNUNIYET","ULS","Longstring","MedeniDurum",0.400129816315931,1,2.29628508723495,1.5390461158226
"stil_Z","MEMNUNIYET","ULS","Longstring","Gelir",0.0488565265544683,0.666666666666667,6.04758682023789,5.7592242864462
"stil_Z","MEMNUNIYET","ULS","Longstring","MeslekGrup",0.298043559745223,0.6,8.25468174984163,6.12719441468078
"stil_Z","MEMNUNIYET","ERISIM","Longstring","Cinsiyet",0.00928836975264602,1,4.48312354384531,4.44167542534566
"stil_Z","MEMNUNIYET","ERISIM","Longstring","YasGrup",0.119391572234543,1,2.5565132806807,2.26880385765852
"stil_Z","MEMNUNIYET","ERISIM","Longstring","EgitimGrup",-0.00900119402321886,0.666666666666667,6.12244867301451,6.17780679232792
"stil_Z","MEMNUNIYET","ERISIM","Longstring","MedeniDurum",1.12279705596021,1,0.0796183588970009,0.0259052950341792
"stil_Z","MEMNUNIYET","ERISIM","Longstring","Gelir",0.697205721438816,0.666666666666667,0.898585295798112,0.44747286561884
"stil_Z","MEMNUNIYET","ERISIM","Longstring","MeslekGrup",-0.109998628760752,0.4,9.15071470881664,10.2147281527945
"stil_Z","ERISIM","GUV_Saglayici","Longstring","Cinsiyet",-0.018844591196853,0,2.54058761769794,2.58891790495431
"stil_Z","ERISIM","GUV_Saglayici","Longstring","YasGrup",-0.0724804061826829,0,3.68250881250381,3.95932940518233
"stil_Z","ERISIM","GUV_Saglayici","Longstring","EgitimGrup",-0.0523822188511094,0,4.36955449963343,4.60454232261917
"stil_Z","ERISIM","GUV_Saglayici","Longstring","MedeniDurum",-0.188680502298407,0,2.55071142576674,3.08037953095187
"stil_Z","ERISIM","GUV_Saglayici","Longstring","Gelir",-0.0570422733988677,0.333333333333333,2.04328585094058,2.16322788404646
"stil_Z","ERISIM","GUV_Saglayici","Longstring","MeslekGrup",0.0353220866610386,0.2,11.4864054510786,11.087763520631
"stil_Z","MEMNUNIYET","GUV_Saglayici","Longstring","Cinsiyet",-0.0291907995916187,0,4.74879106842945,4.8894551372113
"stil_Z","MEMNUNIYET","GUV_Saglayici","Longstring","YasGrup",0.0679052771686264,1,2.57132332112818,2.40251330514574
"stil_Z","MEMNUNIYET","GUV_Saglayici","Longstring","EgitimGrup",0.0323197539262225,0.666666666666667,4.60696129767253,4.46044586673521
"stil_Z","MEMNUNIYET","GUV_Saglayici","Longstring","MedeniDurum",-0.200922166812077,0,1.37433894602787,1.68017006443896
"stil_Z","MEMNUNIYET","GUV_Saglayici","Longstring","Gelir",0.0513509247192383,1,2.2322398482862,2.12050564640613
"stil_Z","MEMNUNIYET","GUV_Saglayici","Longstring","MeslekGrup",0.0412939748821932,0.8,7.55496505253309,7.24934409439876
"stil_Z","ERISIM","GUV_Odeyici","Longstring","Cinsiyet",-0.0151232583679264,0,4.29521174336006,4.36066301121026
"stil_Z","ERISIM","GUV_Odeyici","Longstring","YasGrup",-0.656554333175898,0,0.584282216501906,1.1265762610874
"stil_Z","ERISIM","GUV_Odeyici","Longstring","EgitimGrup",0.0526095609139439,0.333333333333333,3.15780330091777,2.99596704773781
"stil_Z","ERISIM","GUV_Odeyici","Longstring","MedeniDurum",-0.392415948312356,0,1.96775888573549,2.91337214698755
"stil_Z","ERISIM","GUV_Odeyici","Longstring","Gelir",-0.0242878153631878,0.333333333333333,4.73882250090094,4.85532724281189
"stil_Z","ERISIM","GUV_Odeyici","Longstring","MeslekGrup",0.0567840293432966,0.2,10.5621341525545,9.97908423646846
"stil_Z","MEMNUNIYET","GUV_Odeyici","Longstring","Cinsiyet",-0.203216044581211,0,1.53141877379664,1.87650434419367
"stil_Z","MEMNUNIYET","GUV_Odeyici","Longstring","YasGrup",0.101524402675204,1,4.0371823600728,3.64742927081491
"stil_Z","MEMNUNIYET","GUV_Odeyici","Longstring","EgitimGrup",0.0225829746988191,1,7.08210244384114,6.9239598888502
"stil_Z","MEMNUNIYET","GUV_Odeyici","Longstring","MedeniDurum",-0.308521151631024,0,2.07695409118132,2.8275867069657
"stil_Z","MEMNUNIYET","GUV_Odeyici","Longstring","Gelir",-0.14110898553499,0,1.77106463100337,2.03946973141458
"stil_Z","MEMNUNIYET","GUV_Odeyici","Longstring","MeslekGrup",0.0382570668082822,0.8,6.15997329046088,5.92876171813046
"stil_Z","ERISIM","GUVEN","Longstring","Cinsiyet",-0.0210708806430513,0,3.06901614068955,3.1343691181418
"stil_Z","ERISIM","GUVEN","Longstring","YasGrup",-0.165430268873956,0,2.28093934487212,2.69128189508443
"stil_Z","ERISIM","GUVEN","Longstring","EgitimGrup",-0.0700889334676824,0.333333333333333,3.40459469405638,3.65178041501082
"stil_Z","ERISIM","GUVEN","Longstring","MedeniDurum",-0.308435021760563,0,2.03925412652178,2.77602247781475
"stil_Z","ERISIM","GUVEN","Longstring","Gelir",-0.0481818420812934,0,2.33435781188095,2.44958511290449
"stil_Z","ERISIM","GUVEN","Longstring","MeslekGrup",0.0586516984012118,0.4,11.1302611686761,10.4962277619429
"stil_Z","MEMNUNIYET","GUVEN","Longstring","Cinsiyet",-0.0581955764940709,0,3.59608759332766,3.81157333039309
"stil_Z","MEMNUNIYET","GUVEN","Longstring","YasGrup",0.0812108330467811,1,2.8722588113192,2.64822056394294
"stil_Z","MEMNUNIYET","GUVEN","Longstring","EgitimGrup",0.0373815640808606,0.666666666666667,4.42255033744007,4.26028033708382
"stil_Z","MEMNUNIYET","GUVEN","Longstring","MedeniDurum",-0.293451679777925,0,1.53294579391442,2.05575447403799
"stil_Z","MEMNUNIYET","GUVEN","Longstring","Gelir",0.00752867243054056,0.666666666666667,2.17606077648598,2.15973944371188
"stil_Z","MEMNUNIYET","GUVEN","Longstring","MeslekGrup",0.051989460405178,0.8,6.43730336632315,6.11118231881497
"stil_Z","ERISIM","SOY_index","Longstring","Cinsiyet",-0.0140922546955518,0,3.74830066568491,3.80149661858766
"stil_Z","ERISIM","SOY_index","Longstring","YasGrup",-0.0357808533620578,0,14.1945768605249,14.7116667256992
"stil_Z","ERISIM","SOY_index","Longstring","EgitimGrup",0.0615807485923185,1,14.645194068987,13.7705393865339
"stil_Z","ERISIM","SOY_index","Longstring","MedeniDurum",0.378071663374883,1,3.06755559593427,2.10183202390049
"stil_Z","ERISIM","SOY_index","Longstring","Gelir",-0.0347952125278175,0.333333333333333,8.49246054819024,8.79315860714363
"stil_Z","ERISIM","SOY_index","Longstring","MeslekGrup",-0.00474829120146314,0.6,10.9235596505397,10.9755512306611
"stil_Z","MEMNUNIYET","SOY_index","Longstring","Cinsiyet",-0.0735932627050735,0,10.927239124408,11.7617405436438
"stil_Z","MEMNUNIYET","SOY_index","Longstring","YasGrup",-0.778972948011503,0,0.661868509580245,1.44236566334774
"stil_Z","MEMNUNIYET","SOY_index","Longstring","EgitimGrup",0.0817338157329064,0.666666666666667,11.8297476155964,10.9013161285964
"stil_Z","MEMNUNIYET","SOY_index","Longstring","MedeniDurum",-1.41457670463399,0,0.26006174420681,1.07008762249142
"stil_Z","MEMNUNIYET","SOY_index","Longstring","Gelir",-0.0602600169317871,0.333333333333333,7.92401594417289,8.41619779499996
"stil_Z","MEMNUNIYET","SOY_index","Longstring","MeslekGrup",-0.100041166301603,0.4,10.4075801158897,11.5026283835986
"stil_Z","ERISIM","MTT","IRV","Cinsiyet",-0.169627358003161,0,3.02032582703712,3.57867304483334
"stil_Z","ERISIM","MTT","IRV","YasGrup",0.0294934766160293,0,1.95285653361009,1.89610107674978
"stil_Z","ERISIM","MTT","IRV","EgitimGrup",2.1465359596643,0.666666666666667,3.81210842065574,0.445591105114374
"stil_Z","ERISIM","MTT","IRV","MedeniDurum",0.0727313987534851,1,1.33595894944638,1.24224217057215
"stil_Z","ERISIM","MTT","IRV","Gelir",-0.566935301326544,0,1.57780324611676,2.78144014994493
"stil_Z","ERISIM","MTT","IRV","MeslekGrup",-0.165775116256312,0.4,6.85927873764036,8.09605909986945
"stil_Z","ERISIM","FCV","IRV","Cinsiyet",-0.109963144099038,0,10.8712382085362,12.1348775619985
"stil_Z","ERISIM","FCV","IRV","YasGrup",0.154533554001578,1,3.1770703176146,2.72216068337771
"stil_Z","ERISIM","FCV","IRV","EgitimGrup",-0.0964396740483435,0.333333333333333,6.77750957148839,7.4636859608467
"stil_Z","ERISIM","FCV","IRV","MedeniDurum",-0.0411088435380222,0,2.93192027317416,3.05495980485599
"stil_Z","ERISIM","FCV","IRV","Gelir",-0.244368482322852,0,7.21745018714666,9.21534669652899
"stil_Z","ERISIM","FCV","IRV","MeslekGrup",0.363801377633856,1,9.52743293524446,6.62184436794245
"stil_Z","ERISIM","RNS","IRV","Cinsiyet",-0.166404070291985,0,10.0120657532657,11.824752588831
"stil_Z","ERISIM","RNS","IRV","YasGrup",-0.0536017303896597,0,6.06449751880764,6.39843494174594
"stil_Z","ERISIM","RNS","IRV","EgitimGrup",-0.149306170726696,0.333333333333333,8.37030153930385,9.71815786982607
"stil_Z","ERISIM","RNS","IRV","MedeniDurum",-0.259335622683665,0,1.71059633203912,2.21705040471791
"stil_Z","ERISIM","RNS","IRV","Gelir",-0.214224089674737,0,8.66138036069299,10.7305862831114
"stil_Z","ERISIM","RNS","IRV","MeslekGrup",0.432534163543349,1,8.63990509974482,5.6061120203094
"stil_Z","ERISIM","ILT","IRV","Cinsiyet",-0.194248422987999,0,6.47507079613139,7.86331257259182
"stil_Z","ERISIM","ILT","IRV","YasGrup",0.792998547075416,1,2.06543185631303,0.934578907920269
"stil_Z","ERISIM","ILT","IRV","EgitimGrup",0.278933697526216,1,7.82313665681387,5.91890747194808
"stil_Z","ERISIM","ILT","IRV","MedeniDurum",0.0660536413720342,1,2.28783288823412,2.14159609714401
"stil_Z","ERISIM","ILT","IRV","Gelir",-0.329300378433403,0.333333333333333,2.03708410149758,2.83153736633956
"stil_Z","ERISIM","ILT","IRV","MeslekGrup",0.0847992611396382,0.8,10.7685950970586,9.89307260638852
"stil_Z","ERISIM","MEMNUNIYET","IRV","Cinsiyet",-0.175885376823467,0,5.63581164785199,6.71958603776782
"stil_Z","ERISIM","MEMNUNIYET","IRV","YasGrup",0.9453273789516,1,3.60204847554684,1.3995843802495
"stil_Z","ERISIM","MEMNUNIYET","IRV","EgitimGrup",0.195858045458794,1,6.8807763307981,5.65688528978412
"stil_Z","ERISIM","MEMNUNIYET","IRV","MedeniDurum",-0.0241654801610598,0,1.84822309137897,1.89343031727665
"stil_Z","ERISIM","MEMNUNIYET","IRV","Gelir",-0.572278930188785,0,1.54907596320588,2.74542951199362
"stil_Z","ERISIM","MEMNUNIYET","IRV","MeslekGrup",0.181194264983055,1,7.83746254317155,6.53858552522487
"stil_Z","MEMNUNIYET","ERS","IRV","Cinsiyet",-0.0262313267839318,0,6.50491091116572,6.67780101014047
"stil_Z","MEMNUNIYET","ERS","IRV","YasGrup",-0.174543459793468,0,2.11165580967999,2.51435383028776
"stil_Z","MEMNUNIYET","ERS","IRV","EgitimGrup",-0.0660386079681996,0.333333333333333,7.8835204134838,8.42171227061256
"stil_Z","MEMNUNIYET","ERS","IRV","MedeniDurum",0.0588846472718619,1,0.846176238669745,0.797788089247074
"stil_Z","MEMNUNIYET","ERS","IRV","Gelir",-0.312350237670363,0.333333333333333,5.06752431872751,6.92544726154041
"stil_Z","MEMNUNIYET","ERS","IRV","MeslekGrup",0.197411273080966,0.8,13.6386953626929,11.1953635820303
"stil_Z","MEMNUNIYET","KAB","IRV","Cinsiyet",-0.0362833258063442,0,7.87437341596583,8.1653283600259
"stil_Z","MEMNUNIYET","KAB","IRV","YasGrup",-0.352702457885297,0,0.599173174770654,0.85256813152338
"stil_Z","MEMNUNIYET","KAB","IRV","EgitimGrup",0.015110082416649,0.666666666666667,5.17567604378335,5.09805902854983
"stil_Z","MEMNUNIYET","KAB","IRV","MedeniDurum",0.0121547052501736,1,4.26227499757569,4.21078187696623
"stil_Z","MEMNUNIYET","KAB","IRV","Gelir",-0.882017774216168,0.333333333333333,2.62069334534124,6.33099046096309
"stil_Z","MEMNUNIYET","KAB","IRV","MeslekGrup",0.336611764088263,0.8,9.20245605235613,6.57226581610232
"stil_Z","MEMNUNIYET","UYG","IRV","Cinsiyet",-0.0356581415276596,0,5.88021452881052,6.09367523965107
"stil_Z","MEMNUNIYET","UYG","IRV","YasGrup",0.982169141092325,1,0.64102553173905,0.240062695406001
"stil_Z","MEMNUNIYET","UYG","IRV","EgitimGrup",-0.00771940059370713,0.666666666666667,3.2472729731334,3.27243697467322
"stil_Z","MEMNUNIYET","UYG","IRV","MedeniDurum",-0.0173674245137836,0,3.90668890407717,3.97513063688863
"stil_Z","MEMNUNIYET","UYG","IRV","Gelir",-0.948445239696669,0,2.17728873562333,5.6210902852297
"stil_Z","MEMNUNIYET","UYG","IRV","MeslekGrup",0.207136256443621,0.8,12.0510776801598,9.79642803823726
"stil_Z","MEMNUNIYET","ULS","IRV","Cinsiyet",-0.184911051102161,0,2.56028976481466,3.08031385641803
"stil_Z","MEMNUNIYET","ULS","IRV","YasGrup",0.166518966314802,1,1.71866507926097,1.45503347235394
"stil_Z","MEMNUNIYET","ULS","IRV","EgitimGrup",-0.0686218662414775,0.333333333333333,7.57422171365777,8.11222731379991
"stil_Z","MEMNUNIYET","ULS","IRV","MedeniDurum",-0.0601178105032598,0,2.29628508723495,2.43856669938064
"stil_Z","MEMNUNIYET","ULS","IRV","Gelir",0.379848258541022,0.666666666666667,6.04758682023789,4.13633884853563
"stil_Z","MEMNUNIYET","ULS","IRV","MeslekGrup",0.183630421156425,0.4,8.25468174984163,6.86990379719454
"stil_Z","MEMNUNIYET","ERISIM","IRV","Cinsiyet",-0.0737844921232831,0,4.48312354384531,4.82641769954203
"stil_Z","MEMNUNIYET","ERISIM","IRV","YasGrup",0.135850686862542,1,2.5565132806807,2.23176698788594
"stil_Z","MEMNUNIYET","ERISIM","IRV","EgitimGrup",0.0140805216676292,0.333333333333333,6.12244867301451,6.03684548475835
"stil_Z","MEMNUNIYET","ERISIM","IRV","MedeniDurum",1.28151509828726,1,0.0796183588970009,0.0221033522061839
"stil_Z","MEMNUNIYET","ERISIM","IRV","Gelir",-1.76866048469775,0,0.898585295798112,5.26840072097621
"stil_Z","MEMNUNIYET","ERISIM","IRV","MeslekGrup",0.44452256252904,0.8,9.15071470881664,5.8668004867037
"stil_Z","ERISIM","GUV_Saglayici","IRV","Cinsiyet",-0.329362626241494,0,2.54058761769794,3.53162472526067
"stil_Z","ERISIM","GUV_Saglayici","IRV","YasGrup",0.764187344777234,1,3.68250881250381,1.71498942520135
"stil_Z","ERISIM","GUV_Saglayici","IRV","EgitimGrup",0.423234988375908,0.666666666666667,4.36955449963343,2.86172923335314
"stil_Z","ERISIM","GUV_Saglayici","IRV","MedeniDurum",-0.133727348955233,0,2.55071142576674,2.91567006176666
"stil_Z","ERISIM","GUV_Saglayici","IRV","Gelir",-0.0981587254080937,0.333333333333333,2.04328585094058,2.25402599676144
"stil_Z","ERISIM","GUV_Saglayici","IRV","MeslekGrup",0.134409028925819,0.8,11.4864054510786,10.0417878624246
"stil_Z","MEMNUNIYET","GUV_Saglayici","IRV","Cinsiyet",0.00961762015767254,1,4.74879106842945,4.7033379255229
"stil_Z","MEMNUNIYET","GUV_Saglayici","IRV","YasGrup",-0.0609431732889636,0,2.57132332112818,2.73290146046546
"stil_Z","MEMNUNIYET","GUV_Saglayici","IRV","EgitimGrup",0.078933893505005,1,4.60696129767253,4.25729759438381
"stil_Z","MEMNUNIYET","GUV_Saglayici","IRV","MedeniDurum",0.0146999638398927,1,1.37433894602787,1.3542839778607
"stil_Z","MEMNUNIYET","GUV_Saglayici","IRV","Gelir",-0.00761382012902723,0.333333333333333,2.2322398482862,2.24930058733335
"stil_Z","MEMNUNIYET","GUV_Saglayici","IRV","MeslekGrup",0.100959740150603,0.8,7.55496505253309,6.82945741971515
"stil_Z","ERISIM","GUV_Odeyici","IRV","Cinsiyet",-0.242788398339743,0,4.29521174336006,5.47553097661388
"stil_Z","ERISIM","GUV_Odeyici","IRV","YasGrup",-0.414816063186266,0,0.584282216501906,0.884657162133291
"stil_Z","ERISIM","GUV_Odeyici","IRV","EgitimGrup",0.0166253104669056,0.333333333333333,3.15780330091777,3.10573784193014
"stil_Z","ERISIM","GUV_Odeyici","IRV","MedeniDurum",-0.133261899267248,0,1.96775888573549,2.24826132626725
"stil_Z","ERISIM","GUV_Odeyici","IRV","Gelir",-0.1387310842444,0,4.73882250090094,5.44403096035191
"stil_Z","ERISIM","GUV_Odeyici","IRV","MeslekGrup",0.103830108186215,0.4,10.5621341525545,9.52047980624682
"stil_Z","MEMNUNIYET","GUV_Odeyici","IRV","Cinsiyet",0.00828325057321044,1,1.53141877379664,1.51878604055529
"stil_Z","MEMNUNIYET","GUV_Odeyici","IRV","YasGrup",-0.0358495991122385,0,4.0371823600728,4.18453929152982
"stil_Z","MEMNUNIYET","GUV_Odeyici","IRV","EgitimGrup",0.0308072503857537,1,7.08210244384114,6.86724885703158
"stil_Z","MEMNUNIYET","GUV_Odeyici","IRV","MedeniDurum",0.0167238522770569,1,2.07695409118132,2.042508253988
"stil_Z","MEMNUNIYET","GUV_Odeyici","IRV","Gelir",-0.538793842412123,0.333333333333333,1.77106463100337,3.03549557237311
"stil_Z","MEMNUNIYET","GUV_Odeyici","IRV","MeslekGrup",0.0291649473406628,0.6,6.15997329046088,5.98291252783496
"stil_Z","ERISIM","GUVEN","IRV","Cinsiyet",-0.285621418904849,0,3.06901614068955,4.08359796756078
"stil_Z","ERISIM","GUVEN","IRV","YasGrup",1.38162439426265,1,2.28093934487212,0.572904034215323
"stil_Z","ERISIM","GUVEN","IRV","EgitimGrup",0.343710674416079,0.666666666666667,3.40459469405638,2.41431408578474
"stil_Z","ERISIM","GUVEN","IRV","MedeniDurum",-0.148264717026516,0,2.03925412652178,2.36516747750068
"stil_Z","ERISIM","GUVEN","IRV","Gelir",-0.164937969226122,0,2.33435781188095,2.7529547685246
"stil_Z","ERISIM","GUVEN","IRV","MeslekGrup",0.126347718052044,0.6,11.1302611686761,9.80919206746379
"stil_Z","MEMNUNIYET","GUVEN","IRV","Cinsiyet",0.00192917093437739,1,3.59608759332766,3.58915681312523
"stil_Z","MEMNUNIYET","GUVEN","IRV","YasGrup",-0.0409491434711906,0,2.8722588113192,2.9923167079519
"stil_Z","MEMNUNIYET","GUVEN","IRV","EgitimGrup",0.0359365931006133,1,4.42255033744007,4.26644076830336
"stil_Z","MEMNUNIYET","GUVEN","IRV","MedeniDurum",0.0265389863053583,1,1.53294579391442,1.49279806263196
"stil_Z","MEMNUNIYET","GUVEN","IRV","Gelir",-0.06392772205921,0.333333333333333,2.17606077648598,2.3197141834912
"stil_Z","MEMNUNIYET","GUVEN","IRV","MeslekGrup",0.0954288255335736,0.8,6.43730336632315,5.85139968370566
"stil_Z","ERISIM","SOY_index","IRV","Cinsiyet",-0.381523520466997,0,3.74830066568491,5.48943921004934
"stil_Z","ERISIM","SOY_index","IRV","YasGrup",0.167596309762632,1,14.1945768605249,12.0042850138827
"stil_Z","ERISIM","SOY_index","IRV","EgitimGrup",0.164935516189133,1,14.645194068987,12.4183686026334
"stil_Z","ERISIM","SOY_index","IRV","MedeniDurum",0.482993061752377,1,3.06755559593427,1.89247965860457
"stil_Z","ERISIM","SOY_index","IRV","Gelir",-0.0511688266708794,0,8.49246054819024,8.93831955504886
"stil_Z","ERISIM","SOY_index","IRV","MeslekGrup",0.0446100888883407,0.6,10.9235596505397,10.4469681130573
"stil_Z","MEMNUNIYET","SOY_index","IRV","Cinsiyet",0.000841845538024355,1,10.927239124408,10.918043947902
"stil_Z","MEMNUNIYET","SOY_index","IRV","YasGrup",0.148498228709003,1,0.661868509580245,0.570531669200831
"stil_Z","MEMNUNIYET","SOY_index","IRV","EgitimGrup",0.0204549193523311,0.333333333333333,11.8297476155964,11.5902290991534
"stil_Z","MEMNUNIYET","SOY_index","IRV","MedeniDurum",-0.032108865823244,0,0.26006174420681,0.26854753773743
"stil_Z","MEMNUNIYET","SOY_index","IRV","Gelir",-0.0165288915600503,0.666666666666667,7.92401594417289,8.05607957059791
"stil_Z","MEMNUNIYET","SOY_index","IRV","MeslekGrup",0.0631916626689026,0.8,10.4075801158897,9.7702566531683
"stil_Z","ERISIM","MTT","Kabullenici","Cinsiyet",0.390668612520387,1,3.02032582703712,2.04356555078788
"stil_Z","ERISIM","MTT","Kabullenici","YasGrup",0.149944037730101,1,1.95285653361009,1.68093326010831
"stil_Z","ERISIM","MTT","Kabullenici","EgitimGrup",0.326639406774849,0.666666666666667,3.81210842065574,2.74984080121135
"stil_Z","ERISIM","MTT","Kabullenici","MedeniDurum",-0.434635017751771,0,1.33595894944638,2.06325404207527
"stil_Z","ERISIM","MTT","Kabullenici","Gelir",-0.269417262374588,0.333333333333333,1.57780324611676,2.06566207594511
"stil_Z","ERISIM","MTT","Kabullenici","MeslekGrup",-0.0397997709378513,0.6,6.85927873764036,7.13778187926707
"stil_Z","ERISIM","FCV","Kabullenici","Cinsiyet",0.404621316795348,1,10.8712382085362,7.25361008737727
"stil_Z","ERISIM","FCV","Kabullenici","YasGrup",2.91466115270532,1,3.1770703176146,0.172268371418369
"stil_Z","ERISIM","FCV","Kabullenici","EgitimGrup",-0.00410728630912471,0.666666666666667,6.77750957148839,6.80540398976912
"stil_Z","ERISIM","FCV","Kabullenici","MedeniDurum",-0.0538030443289246,0,2.93192027317416,3.09398726528219
"stil_Z","ERISIM","FCV","Kabullenici","Gelir",-0.105373952820295,0.666666666666667,7.21745018714666,8.01949685649906
"stil_Z","ERISIM","FCV","Kabullenici","MeslekGrup",-0.0697853317165169,0.4,9.52743293524446,10.2160564714094
"stil_Z","ERISIM","RNS","Kabullenici","Cinsiyet",0.349834846856893,1,10.0120657532657,7.05654880183922
"stil_Z","ERISIM","RNS","Kabullenici","YasGrup",0.342687731040846,1,6.06449751880764,4.30494326063894
"stil_Z","ERISIM","RNS","Kabullenici","EgitimGrup",-0.0458466827899562,0.333333333333333,8.37030153930385,8.7629849348685
"stil_Z","ERISIM","RNS","Kabullenici","MedeniDurum",-0.126644309014666,0,1.71059633203912,1.94154947282418
"stil_Z","ERISIM","RNS","Kabullenici","Gelir",-0.0531532840977933,0.666666666666667,8.66138036069299,9.13421624330764
"stil_Z","ERISIM","RNS","Kabullenici","MeslekGrup",0.100252246382999,0.6,8.63990509974482,7.81573768134237
"stil_Z","ERISIM","ILT","Kabullenici","Cinsiyet",0.545865975540922,1,6.47507079613139,3.75126668130773
"stil_Z","ERISIM","ILT","Kabullenici","YasGrup",0.570768524387566,1,2.06543185631303,1.16715691896954
"stil_Z","ERISIM","ILT","Kabullenici","EgitimGrup",0.184605880881582,1,7.82313665681387,6.50440539237477
"stil_Z","ERISIM","ILT","Kabullenici","MedeniDurum",-0.396699620963744,0,2.28783288823412,3.40179983531249
"stil_Z","ERISIM","ILT","Kabullenici","Gelir",-0.286226548732331,0.666666666666667,2.03708410149758,2.71216164871972
"stil_Z","ERISIM","ILT","Kabullenici","MeslekGrup",0.0500621087459674,0.6,10.7685950970586,10.2427683311155
"stil_Z","ERISIM","MEMNUNIYET","Kabullenici","Cinsiyet",0.535326444860117,1,5.63581164785199,3.29964447522702
"stil_Z","ERISIM","MEMNUNIYET","Kabullenici","YasGrup",0.427724622797647,1,3.60204847554684,2.34850294467291
"stil_Z","ERISIM","MEMNUNIYET","Kabullenici","EgitimGrup",0.132846610875572,0.666666666666667,6.8807763307981,6.02480355144697
"stil_Z","ERISIM","MEMNUNIYET","Kabullenici","MedeniDurum",-0.267774348601224,0,1.84822309137897,2.41572400268759
"stil_Z","ERISIM","MEMNUNIYET","Kabullenici","Gelir",-0.529938726909459,0.333333333333333,1.54907596320588,2.63161395732314
"stil_Z","ERISIM","MEMNUNIYET","Kabullenici","MeslekGrup",0.0551316821601739,0.6,7.83746254317155,7.41706513474856
"stil_Z","MEMNUNIYET","ERS","Kabullenici","Cinsiyet",0.124563725525518,1,6.50491091116572,5.7430687373419
"stil_Z","MEMNUNIYET","ERS","Kabullenici","YasGrup",0.25621390014422,1,2.11165580967999,1.63437175391107
"stil_Z","MEMNUNIYET","ERS","Kabullenici","EgitimGrup",-0.112076554693918,0.333333333333333,7.8835204134838,8.81849404209721
"stil_Z","MEMNUNIYET","ERS","Kabullenici","MedeniDurum",0.934746951877026,1,0.846176238669745,0.33228089739851
"stil_Z","MEMNUNIYET","ERS","Kabullenici","Gelir",0.19955085970149,1,5.06752431872751,4.15080187369541
"stil_Z","MEMNUNIYET","ERS","Kabullenici","MeslekGrup",0.0492273478254925,0.6,13.6386953626929,12.983556238738
"stil_Z","MEMNUNIYET","KAB","Kabullenici","Cinsiyet",-0.250981532626664,0,7.87437341596583,10.1208246554101
"stil_Z","MEMNUNIYET","KAB","Kabullenici","YasGrup",-1.33760049295067,0,0.599173174770654,2.28278431582825
"stil_Z","MEMNUNIYET","KAB","Kabullenici","EgitimGrup",0.0376059224303282,0.666666666666667,5.17567604378335,4.98465425827721
"stil_Z","MEMNUNIYET","KAB","Kabullenici","MedeniDurum",-0.262085954881137,0,4.26227499757569,5.53941561282674
"stil_Z","MEMNUNIYET","KAB","Kabullenici","Gelir",-0.331822065993319,0,2.62069334534124,3.65194895535837
"stil_Z","MEMNUNIYET","KAB","Kabullenici","MeslekGrup",-0.000678536560672516,0.8,9.20245605235613,9.20870237418163
"stil_Z","MEMNUNIYET","UYG","Kabullenici","Cinsiyet",-0.321922443649998,0,5.88021452881052,8.11338924220896
"stil_Z","MEMNUNIYET","UYG","Kabullenici","YasGrup",1.22742581918718,1,0.64102553173905,0.187849935829035
"stil_Z","MEMNUNIYET","UYG","Kabullenici","EgitimGrup",-0.201922003267551,0,3.2472729731334,3.97385860212691
"stil_Z","MEMNUNIYET","UYG","Kabullenici","MedeniDurum",-0.236313841819818,0,3.90668890407717,4.94810180843727
"stil_Z","MEMNUNIYET","UYG","Kabullenici","Gelir",0.0766993694427093,1,2.17728873562333,2.01653568907843
"stil_Z","MEMNUNIYET","UYG","Kabullenici","MeslekGrup",0.202189318393337,0.4,12.0510776801598,9.84501042886791
"stil_Z","MEMNUNIYET","ULS","Kabullenici","Cinsiyet",-0.466080127411984,0,2.56028976481466,4.0804226361128
"stil_Z","MEMNUNIYET","ULS","Kabullenici","YasGrup",-0.408591426672787,0,1.71866507926097,2.58606987739708
"stil_Z","MEMNUNIYET","ULS","Kabullenici","EgitimGrup",-0.20405438275818,0.333333333333333,7.57422171365777,9.288759238202
"stil_Z","MEMNUNIYET","ULS","Kabullenici","MedeniDurum",-0.755016596509351,0,2.29628508723495,4.88568370840877
"stil_Z","MEMNUNIYET","ULS","Kabullenici","Gelir",0.0187498430356927,0.666666666666667,6.04758682023789,5.93525193811643
"stil_Z","MEMNUNIYET","ULS","Kabullenici","MeslekGrup",0.0378183599055322,0.6,8.25468174984163,7.94833254790253
"stil_Z","MEMNUNIYET","ERISIM","Kabullenici","Cinsiyet",-0.31063972374412,0,4.48312354384531,6.1163147335649
"stil_Z","MEMNUNIYET","ERISIM","Kabullenici","YasGrup",0.23262475673823,1,2.5565132806807,2.02591119589016
"stil_Z","MEMNUNIYET","ERISIM","Kabullenici","EgitimGrup",-0.00335196598593757,0.666666666666667,6.12244867301451,6.14300534613783
"stil_Z","MEMNUNIYET","ERISIM","Kabullenici","MedeniDurum",-1.38969284282733,0,0.0796183588970009,0.319557633087321
"stil_Z","MEMNUNIYET","ERISIM","Kabullenici","Gelir",-0.258033110186132,0.333333333333333,0.898585295798112,1.1631123433688
"stil_Z","MEMNUNIYET","ERISIM","Kabullenici","MeslekGrup",0.118723563126987,0.8,9.15071470881664,8.12632200449202
"stil_Z","ERISIM","GUV_Saglayici","Kabullenici","Cinsiyet",-0.0846444751572808,0,2.54058761769794,2.76499789950495
"stil_Z","ERISIM","GUV_Saglayici","Kabullenici","YasGrup",0.618919833087383,1,3.68250881250381,1.98312607814299
"stil_Z","ERISIM","GUV_Saglayici","Kabullenici","EgitimGrup",0.877472847831643,0.666666666666667,4.36955449963343,1.81700257702763
"stil_Z","ERISIM","GUV_Saglayici","Kabullenici","MedeniDurum",0.0321324105174435,1,2.55071142576674,2.47005372177791
"stil_Z","ERISIM","GUV_Saglayici","Kabullenici","Gelir",0.00472905975158422,0.333333333333333,2.04328585094058,2.03364584206936
"stil_Z","ERISIM","GUV_Saglayici","Kabullenici","MeslekGrup",-0.0486637671689505,0.4,11.4864054510786,12.0592013809144
"stil_Z","MEMNUNIYET","GUV_Saglayici","Kabullenici","Cinsiyet",-0.337779384726904,0,4.74879106842945,6.65700350461364
"stil_Z","MEMNUNIYET","GUV_Saglayici","Kabullenici","YasGrup",-0.613432385537356,0,2.57132332112818,4.74861532323607
"stil_Z","MEMNUNIYET","GUV_Saglayici","Kabullenici","EgitimGrup",-0.586892807608813,0,4.60696129767253,8.28512131687353
"stil_Z","MEMNUNIYET","GUV_Saglayici","Kabullenici","MedeniDurum",0.223727179802556,1,1.37433894602787,1.09882965934411
"stil_Z","MEMNUNIYET","GUV_Saglayici","Kabullenici","Gelir",-0.598876466602998,0.333333333333333,2.2322398482862,4.06283890228289
"stil_Z","MEMNUNIYET","GUV_Saglayici","Kabullenici","MeslekGrup",-0.0997935783505657,0.4,7.55496505253309,8.34780431878865
"stil_Z","ERISIM","GUV_Odeyici","Kabullenici","Cinsiyet",0.0520855939069231,1,4.29521174336006,4.07721949658469
"stil_Z","ERISIM","GUV_Odeyici","Kabullenici","YasGrup",-0.806417580198593,0,0.584282216501906,1.30871589575997
"stil_Z","ERISIM","GUV_Odeyici","Kabullenici","EgitimGrup",-0.370499308070886,0.333333333333333,3.15780330091777,4.57394438680038
"stil_Z","ERISIM","GUV_Odeyici","Kabullenici","MedeniDurum",0.0722804683101362,1,1.96775888573549,1.83054695557075
"stil_Z","ERISIM","GUV_Odeyici","Kabullenici","Gelir",-0.0797480299888269,0.333333333333333,4.73882250090094,5.13221180566454
"stil_Z","ERISIM","GUV_Odeyici","Kabullenici","MeslekGrup",-0.0500753795849778,0.2,10.5621341525545,11.1045033724481
"stil_Z","MEMNUNIYET","GUV_Odeyici","Kabullenici","Cinsiyet",-0.711611056272199,0,1.53141877379664,3.11991472106651
"stil_Z","MEMNUNIYET","GUV_Odeyici","Kabullenici","YasGrup",-0.398201822948506,0,4.0371823600728,6.01194808598819
"stil_Z","MEMNUNIYET","GUV_Odeyici","Kabullenici","EgitimGrup",-0.424812844719335,0,7.08210244384114,10.830688844162
"stil_Z","MEMNUNIYET","GUV_Odeyici","Kabullenici","MedeniDurum",-0.0706104178106676,0,2.07695409118132,2.22891040705084
"stil_Z","MEMNUNIYET","GUV_Odeyici","Kabullenici","Gelir",-0.439477938076732,0.333333333333333,1.77106463100337,2.74850957571919
"stil_Z","MEMNUNIYET","GUV_Odeyici","Kabullenici","MeslekGrup",-0.148990408188525,0.2,6.15997329046088,7.14964603570821
"stil_Z","ERISIM","GUVEN","Kabullenici","Cinsiyet",0.102154849757259,1,3.06901614068955,2.77098314932848
"stil_Z","ERISIM","GUVEN","Kabullenici","YasGrup",2.14640249505082,1,2.28093934487212,0.266650844015779
"stil_Z","ERISIM","GUVEN","Kabullenici","EgitimGrup",0.768871497285505,0.666666666666667,3.40459469405638,1.57815177432906
"stil_Z","ERISIM","GUVEN","Kabullenici","MedeniDurum",-0.054528250151096,0,2.03925412652178,2.15353863767815
"stil_Z","ERISIM","GUVEN","Kabullenici","Gelir",-0.104765221567139,0.333333333333333,2.33435781188095,2.59218733000118
"stil_Z","ERISIM","GUVEN","Kabullenici","MeslekGrup",-0.0398185105013611,0.6,11.1302611686761,11.582393470791
"stil_Z","MEMNUNIYET","GUVEN","Kabullenici","Cinsiyet",-0.246801231606524,0,3.59608759332766,4.60272126105808
"stil_Z","MEMNUNIYET","GUVEN","Kabullenici","YasGrup",-0.699655715681038,0,2.8722588113192,5.78202796370824
"stil_Z","MEMNUNIYET","GUVEN","Kabullenici","EgitimGrup",-0.70445232834756,0,4.42255033744007,8.94566322155954
"stil_Z","MEMNUNIYET","GUVEN","Kabullenici","MedeniDurum",-0.0175864173795469,1,1.53294579391442,1.56014327076131
"stil_Z","MEMNUNIYET","GUVEN","Kabullenici","Gelir",-0.560481497118554,0.333333333333333,2.17606077648598,3.8114045064199
"stil_Z","MEMNUNIYET","GUVEN","Kabullenici","MeslekGrup",-0.206964205062632,0.2,6.43730336632315,7.91748754109956
"stil_Z","ERISIM","SOY_index","Kabullenici","Cinsiyet",1.08404199497904,1,3.74830066568491,1.2677714322135
"stil_Z","ERISIM","SOY_index","Kabullenici","YasGrup",-0.0832280380809749,0,14.1945768605249,15.4265186471182
"stil_Z","ERISIM","SOY_index","Kabullenici","EgitimGrup",0.00982480935235897,0.666666666666667,14.645194068987,14.5020123475293
"stil_Z","ERISIM","SOY_index","Kabullenici","MedeniDurum",-0.629515570504928,0,3.06755559593427,5.7568853675084
"stil_Z","ERISIM","SOY_index","Kabullenici","Gelir",0.232058881755675,1,8.49246054819024,6.73366716513322
"stil_Z","ERISIM","SOY_index","Kabullenici","MeslekGrup",-0.0454413047429343,0.6,10.9235596505397,11.4313913385527
"stil_Z","MEMNUNIYET","SOY_index","Kabullenici","Cinsiyet",-0.0717450657044245,0,10.927239124408,11.740022605726
"stil_Z","MEMNUNIYET","SOY_index","Kabullenici","YasGrup",-1.2077194456971,0,0.661868509580245,2.21450983931874
"stil_Z","MEMNUNIYET","SOY_index","Kabullenici","EgitimGrup",-0.0869194038991141,0.333333333333333,11.8297476155964,12.9039923432872
"stil_Z","MEMNUNIYET","SOY_index","Kabullenici","MedeniDurum",-1.98626084142771,0,0.26006174420681,1.89539010245312
"stil_Z","MEMNUNIYET","SOY_index","Kabullenici","Gelir",0.168537134751512,1,7.92401594417289,6.69500017972647
"stil_Z","MEMNUNIYET","SOY_index","Kabullenici","MeslekGrup",-0.133736448277851,0.6,10.4075801158897,11.8968165361199
"stil_Z","ERISIM","MTT","FarkliSecenek","Cinsiyet",-0.275370256944353,0,3.02032582703712,3.97782414694541
"stil_Z","ERISIM","MTT","FarkliSecenek","YasGrup",1.20802999534392,1,1.95285653361009,0.583484834796996
"stil_Z","ERISIM","MTT","FarkliSecenek","EgitimGrup",-0.0326066637067233,0.333333333333333,3.81210842065574,3.93845727125624
"stil_Z","ERISIM","MTT","FarkliSecenek","MedeniDurum",0.0752783354047371,1,1.33595894944638,1.23908228415613
"stil_Z","ERISIM","MTT","FarkliSecenek","Gelir",0.175300592254601,0.666666666666667,1.57780324611676,1.32409993672544
"stil_Z","ERISIM","MTT","FarkliSecenek","MeslekGrup",-0.0598505440331896,0.4,6.85927873764036,7.28234437602833
"stil_Z","ERISIM","FCV","FarkliSecenek","Cinsiyet",0.127910553521333,1,10.8712382085362,9.56595127445706
"stil_Z","ERISIM","FCV","FarkliSecenek","YasGrup",-0.152738068638179,0,3.1770703176146,3.70134977605478
"stil_Z","ERISIM","FCV","FarkliSecenek","EgitimGrup",-0.158283919779817,0.333333333333333,6.77750957148839,7.93984405493834
"stil_Z","ERISIM","FCV","FarkliSecenek","MedeniDurum",0.00353325894608059,0,2.93192027317416,2.92157931899684
"stil_Z","ERISIM","FCV","FarkliSecenek","Gelir",-0.00692477541775527,0.333333333333333,7.21745018714666,7.26760285642436
"stil_Z","ERISIM","FCV","FarkliSecenek","MeslekGrup",0.131122565669091,0.6,9.52743293524446,8.35660921771544
"stil_Z","ERISIM","RNS","FarkliSecenek","Cinsiyet",0.216851142496429,1,10.0120657532657,8.06021151117349
"stil_Z","ERISIM","RNS","FarkliSecenek","YasGrup",-0.0755692700411008,0,6.06449751880764,6.54054803784546
"stil_Z","ERISIM","RNS","FarkliSecenek","EgitimGrup",-0.119274112694402,0.333333333333333,8.37030153930385,9.43064056617024
"stil_Z","ERISIM","RNS","FarkliSecenek","MedeniDurum",0.231373934091664,1,1.71059633203912,1.35726019636711
"stil_Z","ERISIM","RNS","FarkliSecenek","Gelir",0.0258694086500078,0.333333333333333,8.66138036069299,8.44018895331874
"stil_Z","ERISIM","RNS","FarkliSecenek","MeslekGrup",0.358819349406507,0.8,8.63990509974482,6.03497824069116
"stil_Z","ERISIM","ILT","FarkliSecenek","Cinsiyet",-0.0275414413815298,0,6.47507079613139,6.65588205137279
"stil_Z","ERISIM","ILT","FarkliSecenek","YasGrup",0.300787621194654,1,2.06543185631303,1.5289048778966
"stil_Z","ERISIM","ILT","FarkliSecenek","EgitimGrup",-0.129409626668693,0.333333333333333,7.82313665681387,8.90395186506485
"stil_Z","ERISIM","ILT","FarkliSecenek","MedeniDurum",-0.0768306129317624,0,2.28783288823412,2.47053727133672
"stil_Z","ERISIM","ILT","FarkliSecenek","Gelir",-0.141752525970675,0,2.03708410149758,2.34731459672935
"stil_Z","ERISIM","ILT","FarkliSecenek","MeslekGrup",0.00560141020104732,0.6,10.7685950970586,10.7084444002114
"stil_Z","ERISIM","MEMNUNIYET","FarkliSecenek","Cinsiyet",0.0381198580863684,1,5.63581164785199,5.42501853412903
"stil_Z","ERISIM","MEMNUNIYET","FarkliSecenek","YasGrup",0.117819600053531,1,3.60204847554684,3.20170379553185
"stil_Z","ERISIM","MEMNUNIYET","FarkliSecenek","EgitimGrup",-0.146866310159763,0.333333333333333,6.8807763307981,7.96930904621023
"stil_Z","ERISIM","MEMNUNIYET","FarkliSecenek","MedeniDurum",0.0369346432798874,1,1.84822309137897,1.78120489550607
"stil_Z","ERISIM","MEMNUNIYET","FarkliSecenek","Gelir",-0.127529484064034,0,1.54907596320588,1.75977873998229
"stil_Z","ERISIM","MEMNUNIYET","FarkliSecenek","MeslekGrup",0.023863693771784,0.6,7.83746254317155,7.65264571361107
"stil_Z","MEMNUNIYET","ERS","FarkliSecenek","Cinsiyet",-0.0913504385689137,0,6.50491091116572,7.12712448564888
"stil_Z","MEMNUNIYET","ERS","FarkliSecenek","YasGrup",-0.313355119994855,0,2.11165580967999,2.88876046400726
"stil_Z","MEMNUNIYET","ERS","FarkliSecenek","EgitimGrup",0.0721847455848801,0.666666666666667,7.8835204134838,7.33450416937146
"stil_Z","MEMNUNIYET","ERS","FarkliSecenek","MedeniDurum",0.0164755450576024,1,0.846176238669745,0.83234924019572
"stil_Z","MEMNUNIYET","ERS","FarkliSecenek","Gelir",-0.129800891578113,0,5.06752431872751,5.76989158035507
"stil_Z","MEMNUNIYET","ERS","FarkliSecenek","MeslekGrup",-0.0675142140618687,0.2,13.6386953626929,14.5912964012607
"stil_Z","MEMNUNIYET","KAB","FarkliSecenek","Cinsiyet",-0.0625596530656023,0,7.87437341596583,8.38272690983493
"stil_Z","MEMNUNIYET","KAB","FarkliSecenek","YasGrup",-0.616816733019556,0,0.599173174770654,1.11027987647935
"stil_Z","MEMNUNIYET","KAB","FarkliSecenek","EgitimGrup",0.0327217054867424,0.666666666666667,5.17567604378335,5.00905994392631
"stil_Z","MEMNUNIYET","KAB","FarkliSecenek","MedeniDurum",0.0286081589337071,1,4.26227499757569,4.14206682238406
"stil_Z","MEMNUNIYET","KAB","FarkliSecenek","Gelir",-0.484645816757301,0.333333333333333,2.62069334534124,4.25495734208216
"stil_Z","MEMNUNIYET","KAB","FarkliSecenek","MeslekGrup",-0.0759291841550516,0.2,9.20245605235613,9.92840255849671
"stil_Z","MEMNUNIYET","UYG","FarkliSecenek","Cinsiyet",-0.127301752292353,0,5.88021452881052,6.67851059743342
"stil_Z","MEMNUNIYET","UYG","FarkliSecenek","YasGrup",0.746582372556215,1,0.64102553173905,0.3038356400187
"stil_Z","MEMNUNIYET","UYG","FarkliSecenek","EgitimGrup",0.000796151563609016,1,3.2472729731334,3.24468868055121
"stil_Z","MEMNUNIYET","UYG","FarkliSecenek","MedeniDurum",0.0324245139662518,1,3.90668890407717,3.78204804436581
"stil_Z","MEMNUNIYET","UYG","FarkliSecenek","Gelir",-0.197071271400032,0.333333333333333,2.17728873562333,2.65156935920577
"stil_Z","MEMNUNIYET","UYG","FarkliSecenek","MeslekGrup",-0.110437809712073,0.4,12.0510776801598,13.4582446014879
"stil_Z","MEMNUNIYET","ULS","FarkliSecenek","Cinsiyet",0.559230854635966,1,2.56028976481466,1.46358599303618
"stil_Z","MEMNUNIYET","ULS","FarkliSecenek","YasGrup",-0.54004191135248,0,1.71866507926097,2.94936468624242
"stil_Z","MEMNUNIYET","ULS","FarkliSecenek","EgitimGrup",-0.0519820215682203,0.333333333333333,7.57422171365777,7.97835798246458
"stil_Z","MEMNUNIYET","ULS","FarkliSecenek","MedeniDurum",0.235785956402167,1,2.29628508723495,1.81394980443085
"stil_Z","MEMNUNIYET","ULS","FarkliSecenek","Gelir",0.78138702769299,0.666666666666667,6.04758682023789,2.76840762459032
"stil_Z","MEMNUNIYET","ULS","FarkliSecenek","MeslekGrup",0.196994742510658,0.8,8.25468174984163,6.77870297102378
"stil_Z","MEMNUNIYET","ERISIM","FarkliSecenek","Cinsiyet",-0.0805382750399193,0,4.48312354384531,4.85912460034809
"stil_Z","MEMNUNIYET","ERISIM","FarkliSecenek","YasGrup",0.184678197827256,1,2.5565132806807,2.12541299009253
"stil_Z","MEMNUNIYET","ERISIM","FarkliSecenek","EgitimGrup",0.0352375162475929,0.666666666666667,6.12244867301451,5.91046560073482
"stil_Z","MEMNUNIYET","ERISIM","FarkliSecenek","MedeniDurum",0.0779458276388656,1,0.0796183588970009,0.0736481385151811
"stil_Z","MEMNUNIYET","ERISIM","FarkliSecenek","Gelir",-0.955634729892183,0,0.898585295798112,2.33660983594739
"stil_Z","MEMNUNIYET","ERISIM","FarkliSecenek","MeslekGrup",-0.0933231474047842,0.2,9.15071470881664,10.0458049956159
"stil_Z","ERISIM","GUV_Saglayici","FarkliSecenek","Cinsiyet",-0.000856402210471452,0,2.54058761769794,2.54276431448913
"stil_Z","ERISIM","GUV_Saglayici","FarkliSecenek","YasGrup",0.187012706629512,1,3.68250881250381,3.05439505569671
"stil_Z","ERISIM","GUV_Saglayici","FarkliSecenek","EgitimGrup",-0.0795265302952282,0,4.36955449963343,4.73124125198986
"stil_Z","ERISIM","GUV_Saglayici","FarkliSecenek","MedeniDurum",0.00476164221578657,1,2.55071142576674,2.53859472111383
"stil_Z","ERISIM","GUV_Saglayici","FarkliSecenek","Gelir",-0.163663020583251,0.333333333333333,2.04328585094058,2.40661752395658
"stil_Z","ERISIM","GUV_Saglayici","FarkliSecenek","MeslekGrup",0.0167131147228785,0.6,11.4864054510786,11.2960271773005
"stil_Z","MEMNUNIYET","GUV_Saglayici","FarkliSecenek","Cinsiyet",-0.0478221240275261,0,4.74879106842945,4.98140608649095
"stil_Z","MEMNUNIYET","GUV_Saglayici","FarkliSecenek","YasGrup",-0.242621500211558,0,2.57132332112818,3.27737297221361
"stil_Z","MEMNUNIYET","GUV_Saglayici","FarkliSecenek","EgitimGrup",-0.0279040025385993,0,4.60696129767253,4.73732432416787
"stil_Z","MEMNUNIYET","GUV_Saglayici","FarkliSecenek","MedeniDurum",0.0209103177780152,1,1.37433894602787,1.34589945733157
"stil_Z","MEMNUNIYET","GUV_Saglayici","FarkliSecenek","Gelir",0.0987939531844721,0.666666666666667,2.2322398482862,2.02225159978195
"stil_Z","MEMNUNIYET","GUV_Saglayici","FarkliSecenek","MeslekGrup",-0.0554960590009568,0.4,7.55496505253309,7.98608800944108
"stil_Z","ERISIM","GUV_Odeyici","FarkliSecenek","Cinsiyet",0.0684262612801085,1,4.29521174336006,4.0111364002068
"stil_Z","ERISIM","GUV_Odeyici","FarkliSecenek","YasGrup",2.90175002025293,1,0.584282216501906,0.0320928671668098
"stil_Z","ERISIM","GUV_Odeyici","FarkliSecenek","EgitimGrup",0.00526436886742609,0.333333333333333,3.15780330091777,3.14122313981158
"stil_Z","ERISIM","GUV_Odeyici","FarkliSecenek","MedeniDurum",0.0170625111453013,1,1.96775888573549,1.93446879158649
"stil_Z","ERISIM","GUV_Odeyici","FarkliSecenek","Gelir",-0.0221845330819881,0.333333333333333,4.73882250090094,4.84512585099569
"stil_Z","ERISIM","GUV_Odeyici","FarkliSecenek","MeslekGrup",-0.0608823560224274,0.6,10.5621341525545,11.2251602726924
"stil_Z","MEMNUNIYET","GUV_Odeyici","FarkliSecenek","Cinsiyet",-0.00124765257594978,0,1.53141877379664,1.5333306448145
"stil_Z","MEMNUNIYET","GUV_Odeyici","FarkliSecenek","YasGrup",-0.108034764686805,0,4.0371823600728,4.4977702679507
"stil_Z","MEMNUNIYET","GUV_Odeyici","FarkliSecenek","EgitimGrup",-0.0281938007780587,0,7.08210244384114,7.2846152174679
"stil_Z","MEMNUNIYET","GUV_Odeyici","FarkliSecenek","MedeniDurum",0.00234019210114955,1,2.07695409118132,2.07209930238408
"stil_Z","MEMNUNIYET","GUV_Odeyici","FarkliSecenek","Gelir",-0.3187133522371,0.333333333333333,1.77106463100337,2.43584618640907
"stil_Z","MEMNUNIYET","GUV_Odeyici","FarkliSecenek","MeslekGrup",-0.0352428927593531,0.4,6.15997329046088,6.38093944141481
"stil_Z","ERISIM","GUVEN","FarkliSecenek","Cinsiyet",0.0557785153027097,1,3.06901614068955,2.90251766121753
"stil_Z","ERISIM","GUVEN","FarkliSecenek","YasGrup",0.207710289245562,1,2.28093934487212,1.85313177878761
"stil_Z","ERISIM","GUVEN","FarkliSecenek","EgitimGrup",-0.140341895948943,0.333333333333333,3.40459469405638,3.91755524113326
"stil_Z","ERISIM","GUVEN","FarkliSecenek","MedeniDurum",0.0169678307444937,1,2.03925412652178,2.00494431221577
"stil_Z","ERISIM","GUVEN","FarkliSecenek","Gelir",-0.108730907275693,0,2.33435781188095,2.60248754048909
"stil_Z","ERISIM","GUVEN","FarkliSecenek","MeslekGrup",0.00672954885143895,0.8,11.1302611686761,11.0556109950623
"stil_Z","MEMNUNIYET","GUVEN","FarkliSecenek","Cinsiyet",-0.0221370714930926,0,3.59608759332766,3.67658211097637
"stil_Z","MEMNUNIYET","GUVEN","FarkliSecenek","YasGrup",-0.139101084759443,0,2.8722588113192,3.30091547840991
"stil_Z","MEMNUNIYET","GUVEN","FarkliSecenek","EgitimGrup",-0.0326876736158326,0,4.42255033744007,4.56950188751785
"stil_Z","MEMNUNIYET","GUVEN","FarkliSecenek","MedeniDurum",0.0118726856677148,1,1.53294579391442,1.51485322644998
"stil_Z","MEMNUNIYET","GUVEN","FarkliSecenek","Gelir",0.0219176687534431,0.333333333333333,2.17606077648598,2.1288854718382
"stil_Z","MEMNUNIYET","GUVEN","FarkliSecenek","MeslekGrup",-0.0443452062311327,0.6,6.43730336632315,6.72919098908109
"stil_Z","ERISIM","SOY_index","FarkliSecenek","Cinsiyet",0.232486808727319,1,3.74830066568491,2.97075393875738
"stil_Z","ERISIM","SOY_index","FarkliSecenek","YasGrup",0.0935030109688419,1,14.1945768605249,12.9275018629017
"stil_Z","ERISIM","SOY_index","FarkliSecenek","EgitimGrup",0.017624198048348,0.666666666666667,14.645194068987,14.3893454538583
"stil_Z","ERISIM","SOY_index","FarkliSecenek","MedeniDurum",-0.124959297265621,0,3.06755559593427,3.47585439990281
"stil_Z","ERISIM","SOY_index","FarkliSecenek","Gelir",-0.0293838496003924,0,8.49246054819024,8.74570414704101
"stil_Z","ERISIM","SOY_index","FarkliSecenek","MeslekGrup",0.00541637976183562,0.6,10.9235596505397,10.8645534473258
"stil_Z","MEMNUNIYET","SOY_index","FarkliSecenek","Cinsiyet",0.0293937592782361,1,10.927239124408,10.6107211037556
"stil_Z","MEMNUNIYET","SOY_index","FarkliSecenek","YasGrup",2.29202172689182,1,0.661868509580245,0.0668897036634623
"stil_Z","MEMNUNIYET","SOY_index","FarkliSecenek","EgitimGrup",-0.0304387131148776,0.333333333333333,11.8297476155964,12.1953661599566
"stil_Z","MEMNUNIYET","SOY_index","FarkliSecenek","MedeniDurum",-0.0940341023414357,0,0.26006174420681,0.285703107603344
"stil_Z","MEMNUNIYET","SOY_index","FarkliSecenek","Gelir",0.0282692587735069,0.666666666666667,7.92401594417289,7.7031465031377
"stil_Z","MEMNUNIYET","SOY_index","FarkliSecenek","MeslekGrup",0.00381430637263191,0.6,10.4075801158897,10.3679580301172
"stil_Z","ERISIM","MTT","DuzBlok","Cinsiyet",0.0517758048846022,1,3.02032582703712,2.86792539716784
"stil_Z","ERISIM","MTT","DuzBlok","YasGrup",-0.0935560093829905,0,1.95285653361009,2.14437728357398
"stil_Z","ERISIM","MTT","DuzBlok","EgitimGrup",-0.0146750350925577,0.333333333333333,3.81210842065574,3.86846374244386
"stil_Z","ERISIM","MTT","DuzBlok","MedeniDurum",-0.232346327455833,0,1.33595894944638,1.68538778566684
"stil_Z","ERISIM","MTT","DuzBlok","Gelir",0.0629285386095038,0.666666666666667,1.57780324611676,1.48157393164738
"stil_Z","ERISIM","MTT","DuzBlok","MeslekGrup",0.257134278000647,1,6.85927873764036,5.30403587962774
"stil_Z","ERISIM","FCV","DuzBlok","Cinsiyet",0.0113156457475987,1,10.8712382085362,10.7489165077431
"stil_Z","ERISIM","FCV","DuzBlok","YasGrup",-0.0794696303774061,0,3.1770703176146,3.43985431087361
"stil_Z","ERISIM","FCV","DuzBlok","EgitimGrup",0.0884549150255936,0.666666666666667,6.77750957148839,6.203755282823
"stil_Z","ERISIM","FCV","DuzBlok","MedeniDurum",-0.472472939817447,0,2.93192027317416,4.70267047155362
"stil_Z","ERISIM","FCV","DuzBlok","Gelir",-0.0574679719029478,0.333333333333333,7.21745018714666,7.64437209188942
"stil_Z","ERISIM","FCV","DuzBlok","MeslekGrup",0.463595218021956,0.8,9.52743293524446,5.99292793192572
"stil_Z","ERISIM","RNS","DuzBlok","Cinsiyet",0.0156965163232021,1,10.0120657532657,9.8561381610303
"stil_Z","ERISIM","RNS","DuzBlok","YasGrup",-0.0521556003306878,0,6.06449751880764,6.38918865990629
"stil_Z","ERISIM","RNS","DuzBlok","EgitimGrup",0.043399051484692,0.666666666666667,8.37030153930385,8.01480822301667
"stil_Z","ERISIM","RNS","DuzBlok","MedeniDurum",2.0410467829212,1,1.71059633203912,0.222193916603651
"stil_Z","ERISIM","RNS","DuzBlok","Gelir",-0.0527613132577862,0.333333333333333,8.66138036069299,9.13063659849405
"stil_Z","ERISIM","RNS","DuzBlok","MeslekGrup",0.337780346889139,0.8,8.63990509974482,6.16329324002299
"stil_Z","ERISIM","ILT","DuzBlok","Cinsiyet",0.0107612737350746,1,6.47507079613139,6.40576436828812
"stil_Z","ERISIM","ILT","DuzBlok","YasGrup",-0.0962157330659014,0,2.06543185631303,2.27403336918511
"stil_Z","ERISIM","ILT","DuzBlok","EgitimGrup",-0.0086767214677872,0.333333333333333,7.82313665681387,7.89131117260647
"stil_Z","ERISIM","ILT","DuzBlok","MedeniDurum",0.263838205022355,1,2.28783288823412,1.75727941498575
"stil_Z","ERISIM","ILT","DuzBlok","Gelir",-0.0274489568731865,0.333333333333333,2.03708410149758,2.09377442111404
"stil_Z","ERISIM","ILT","DuzBlok","MeslekGrup",0.208591513690436,0.6,10.7685950970586,8.741156668093
"stil_Z","ERISIM","MEMNUNIYET","DuzBlok","Cinsiyet",0.0200982823971663,1,5.63581164785199,5.5236721936093
"stil_Z","ERISIM","MEMNUNIYET","DuzBlok","YasGrup",-0.0612474761979356,0,3.60204847554684,3.8295610220813
"stil_Z","ERISIM","MEMNUNIYET","DuzBlok","EgitimGrup",-0.0147231846485985,0.666666666666667,6.8807763307981,6.98283272538493
"stil_Z","ERISIM","MEMNUNIYET","DuzBlok","MedeniDurum",0.517815822801481,1,1.84822309137897,1.10120921225753
"stil_Z","ERISIM","MEMNUNIYET","DuzBlok","Gelir",0.0640420149924631,0.333333333333333,1.54907596320588,1.45297994929554
"stil_Z","ERISIM","MEMNUNIYET","DuzBlok","MeslekGrup",0.544831569034063,0.8,7.83746254317155,4.54525375070309
"stil_Z","MEMNUNIYET","ERS","DuzBlok","Cinsiyet",-0.0267697402816718,0,6.50491091116572,6.68139739642951
"stil_Z","MEMNUNIYET","ERS","DuzBlok","YasGrup",-0.161823718844669,0,2.11165580967999,2.48257444204788
"stil_Z","MEMNUNIYET","ERS","DuzBlok","EgitimGrup",-0.0819151288652935,0.333333333333333,7.8835204134838,8.55648680601769
"stil_Z","MEMNUNIYET","ERS","DuzBlok","MedeniDurum",0.143038972601473,1,0.846176238669745,0.73339811354746
"stil_Z","MEMNUNIYET","ERS","DuzBlok","Gelir",-0.594412015460011,0.333333333333333,5.06752431872751,9.18217784612945
"stil_Z","MEMNUNIYET","ERS","DuzBlok","MeslekGrup",-0.045955878930299,0.6,13.6386953626929,14.280098846447
"stil_Z","MEMNUNIYET","KAB","DuzBlok","Cinsiyet",-0.00230594785857852,0,7.87437341596583,7.8925522621855
"stil_Z","MEMNUNIYET","KAB","DuzBlok","YasGrup",-1.14225200590174,0,0.599173174770654,1.87769958213868
"stil_Z","MEMNUNIYET","KAB","DuzBlok","EgitimGrup",-0.0886617177101423,0.333333333333333,5.17567604378335,5.6555178826281
"stil_Z","MEMNUNIYET","KAB","DuzBlok","MedeniDurum",-0.271856958633029,0,4.26227499757569,5.5938065579893
"stil_Z","MEMNUNIYET","KAB","DuzBlok","Gelir",-0.61211213602297,0.333333333333333,2.62069334534124,4.83340436162674
"stil_Z","MEMNUNIYET","KAB","DuzBlok","MeslekGrup",-0.121326915010791,0.6,9.20245605235613,10.389517090915
"stil_Z","MEMNUNIYET","UYG","DuzBlok","Cinsiyet",-0.0806788678452883,0,5.88021452881052,6.37428618448242
"stil_Z","MEMNUNIYET","UYG","DuzBlok","YasGrup",-0.0296022767740436,0,0.64102553173905,0.660285002949504
"stil_Z","MEMNUNIYET","UYG","DuzBlok","EgitimGrup",-0.172840348285962,0.333333333333333,3.2472729731334,3.85995647573816
"stil_Z","MEMNUNIYET","UYG","DuzBlok","MedeniDurum",-0.0752985659200713,0,3.90668890407717,4.21221548919338
"stil_Z","MEMNUNIYET","UYG","DuzBlok","Gelir",-0.168856756273131,0.333333333333333,2.17728873562333,2.577802161507
"stil_Z","MEMNUNIYET","UYG","DuzBlok","MeslekGrup",-0.119831165682564,0.2,12.0510776801598,13.585258292346
"stil_Z","MEMNUNIYET","ULS","DuzBlok","Cinsiyet",-0.106328825299567,0,2.56028976481466,2.84752235530087
"stil_Z","MEMNUNIYET","ULS","DuzBlok","YasGrup",0.919399158792655,1,1.71866507926097,0.685332405592522
"stil_Z","MEMNUNIYET","ULS","DuzBlok","EgitimGrup",0.370372121776293,1,7.57422171365777,5.22982846718286
"stil_Z","MEMNUNIYET","ULS","DuzBlok","MedeniDurum",0.627049091386478,1,2.29628508723495,1.22659684551933
"stil_Z","MEMNUNIYET","ULS","DuzBlok","Gelir",-0.294170068885222,0,6.04758682023789,8.1159348054645
"stil_Z","MEMNUNIYET","ULS","DuzBlok","MeslekGrup",-0.000419793599071294,0.6,8.25468174984163,8.25814773985609
"stil_Z","MEMNUNIYET","ERISIM","DuzBlok","Cinsiyet",-0.0558316929908311,0,4.48312354384531,4.74054314266494
"stil_Z","MEMNUNIYET","ERISIM","DuzBlok","YasGrup",0.573521243787675,1,2.5565132806807,1.44069132267589
"stil_Z","MEMNUNIYET","ERISIM","DuzBlok","EgitimGrup",-0.052570998847179,0.333333333333333,6.12244867301451,6.45292247701719
"stil_Z","MEMNUNIYET","ERISIM","DuzBlok","MedeniDurum",-2.36254558963037,0,0.0796183588970009,0.845383532558505
"stil_Z","MEMNUNIYET","ERISIM","DuzBlok","Gelir",-1.02053532503669,0.333333333333333,0.898585295798112,2.49328641647189
"stil_Z","MEMNUNIYET","ERISIM","DuzBlok","MeslekGrup",-0.0845727677323054,0.2,9.15071470881664,9.95828386770116
"stil_Z","ERISIM","GUV_Saglayici","DuzBlok","Cinsiyet",0.0540649301197199,1,2.54058761769794,2.4068779939116
"stil_Z","ERISIM","GUV_Saglayici","DuzBlok","YasGrup",-0.0462866953087162,0,3.68250881250381,3.8569663618366
"stil_Z","ERISIM","GUV_Saglayici","DuzBlok","EgitimGrup",-0.0229425210621601,0.333333333333333,4.36955449963343,4.47096191890695
"stil_Z","ERISIM","GUV_Saglayici","DuzBlok","MedeniDurum",-0.251155884290836,0,2.55071142576674,3.27896622009812
"stil_Z","ERISIM","GUV_Saglayici","DuzBlok","Gelir",-0.0858586594696862,0,2.04328585094058,2.2264711389362
"stil_Z","ERISIM","GUV_Saglayici","DuzBlok","MeslekGrup",0.152715846026137,0.6,11.4864054510786,9.85962716715887
"stil_Z","MEMNUNIYET","GUV_Saglayici","DuzBlok","Cinsiyet",-0.0190869334254389,0,4.74879106842945,4.84030147595213
"stil_Z","MEMNUNIYET","GUV_Saglayici","DuzBlok","YasGrup",0.0737587398528392,1,2.57132332112818,2.38849136160501
"stil_Z","MEMNUNIYET","GUV_Saglayici","DuzBlok","EgitimGrup",0.140918485199613,0.666666666666667,4.60696129767253,4.00142280700681
"stil_Z","MEMNUNIYET","GUV_Saglayici","DuzBlok","MedeniDurum",-0.536871984168294,0,1.37433894602787,2.35100956064579
"stil_Z","MEMNUNIYET","GUV_Saglayici","DuzBlok","Gelir",0.531235775474314,0.666666666666667,2.2322398482862,1.31228477231722
"stil_Z","MEMNUNIYET","GUV_Saglayici","DuzBlok","MeslekGrup",0.0384508071224576,0.6,7.55496505253309,7.26998452403358
"stil_Z","ERISIM","GUV_Odeyici","DuzBlok","Cinsiyet",0.0216876743841177,1,4.29521174336006,4.20306146398783
"stil_Z","ERISIM","GUV_Odeyici","DuzBlok","YasGrup",-0.276255450126936,0,0.584282216501906,0.770191794651714
"stil_Z","ERISIM","GUV_Odeyici","DuzBlok","EgitimGrup",0.198508725671927,0.666666666666667,3.15780330091777,2.5892490758268
"stil_Z","ERISIM","GUV_Odeyici","DuzBlok","MedeniDurum",-0.477305970628186,0,1.96775888573549,3.17148916674082
"stil_Z","ERISIM","GUV_Odeyici","DuzBlok","Gelir",-0.0778507777767143,0,4.73882250090094,5.12248393647292
"stil_Z","ERISIM","GUV_Odeyici","DuzBlok","MeslekGrup",0.107519956914943,0.4,10.5621341525545,9.48541540684817
"stil_Z","MEMNUNIYET","GUV_Odeyici","DuzBlok","Cinsiyet",-0.240167137835209,0,1.53141877379664,1.94714023129728
"stil_Z","MEMNUNIYET","GUV_Odeyici","DuzBlok","YasGrup",0.0843070783927093,1,4.0371823600728,3.71077197472884
"stil_Z","MEMNUNIYET","GUV_Odeyici","DuzBlok","EgitimGrup",0.0625652162163219,0.666666666666667,7.08210244384114,6.65258567670695
"stil_Z","MEMNUNIYET","GUV_Odeyici","DuzBlok","MedeniDurum",-0.487409825405282,0,2.07695409118132,3.38147589152
"stil_Z","MEMNUNIYET","GUV_Odeyici","DuzBlok","Gelir",0.0608337961032529,0.666666666666667,1.77106463100337,1.66653572511807
"stil_Z","MEMNUNIYET","GUV_Odeyici","DuzBlok","MeslekGrup",0.0675544092425235,0.6,6.15997329046088,5.75758451786003
"stil_Z","ERISIM","GUVEN","DuzBlok","Cinsiyet",0.0425004005490004,1,3.06901614068955,2.94131462920979
"stil_Z","ERISIM","GUVEN","DuzBlok","YasGrup",-0.0640122009195609,0,2.28093934487212,2.43172176732594
"stil_Z","ERISIM","GUVEN","DuzBlok","EgitimGrup",0.00258769876759257,0.666666666666667,3.40459469405638,3.39579601760844
"stil_Z","ERISIM","GUVEN","DuzBlok","MedeniDurum",-0.384852006454024,0,2.03925412652178,2.99647358252199
"stil_Z","ERISIM","GUVEN","DuzBlok","Gelir",-0.0971882878379391,0.333333333333333,2.33435781188095,2.57262071937803
"stil_Z","ERISIM","GUVEN","DuzBlok","MeslekGrup",0.165858648411441,0.6,11.1302611686761,9.42917854211491
"stil_Z","MEMNUNIYET","GUVEN","DuzBlok","Cinsiyet",-0.0453244886404038,0,3.59608759332766,3.76282860681694
"stil_Z","MEMNUNIYET","GUVEN","DuzBlok","YasGrup",0.0284229474199518,1,2.8722588113192,2.791770032619
"stil_Z","MEMNUNIYET","GUVEN","DuzBlok","EgitimGrup",0.11075453602269,0.666666666666667,4.42255033744007,3.95888330900218
"stil_Z","MEMNUNIYET","GUVEN","DuzBlok","MedeniDurum",-0.548094193370064,0,1.53294579391442,2.65192405730609
"stil_Z","MEMNUNIYET","GUVEN","DuzBlok","Gelir",0.571445589669079,0.666666666666667,2.17606077648598,1.22884003784566
"stil_Z","MEMNUNIYET","GUVEN","DuzBlok","MeslekGrup",0.04484048643312,0.6,6.43730336632315,6.15502753965746
"stil_Z","ERISIM","SOY_index","DuzBlok","Cinsiyet",0.014131986680973,1,3.74830066568491,3.6957022657826
"stil_Z","ERISIM","SOY_index","DuzBlok","YasGrup",-0.0325067278265307,0,14.1945768605249,14.6635776497646
"stil_Z","ERISIM","SOY_index","DuzBlok","EgitimGrup",0.0960618687739725,0.666666666666667,14.645194068987,13.3038087033056
"stil_Z","ERISIM","SOY_index","DuzBlok","MedeniDurum",0.631062930613194,1,3.06755559593427,1.63201930928555
"stil_Z","ERISIM","SOY_index","DuzBlok","Gelir",-0.0954137338148704,0,8.49246054819024,9.3426740252838
"stil_Z","ERISIM","SOY_index","DuzBlok","MeslekGrup",0.185283438014022,0.8,10.9235596505397,9.07604435819193
"stil_Z","MEMNUNIYET","SOY_index","DuzBlok","Cinsiyet",-0.132715890869689,0,10.927239124408,12.4780932291697
"stil_Z","MEMNUNIYET","SOY_index","DuzBlok","YasGrup",-1.2071350978977,0,0.661868509580245,2.21321617337379
"stil_Z","MEMNUNIYET","SOY_index","DuzBlok","EgitimGrup",0.228775824572901,0.666666666666667,11.8297476155964,9.41064521976807
"stil_Z","MEMNUNIYET","SOY_index","DuzBlok","MedeniDurum",-1.5376800986735,0,0.26006174420681,1.21027055092645
"stil_Z","MEMNUNIYET","SOY_index","DuzBlok","Gelir",-0.107919258055733,0,7.92401594417289,8.82701935867319
"stil_Z","MEMNUNIYET","SOY_index","DuzBlok","MeslekGrup",-0.0532512565076466,0.2,10.4075801158897,10.9768186593637
"dikkatli","MEMNUNIYET","GUV_Saglayici","ERS","Cinsiyet",-0.285069469879077,0,1.76587687950671,2.34835915856422
"dikkatli","MEMNUNIYET","GUV_Saglayici","ERS","YasGrup",1.96858883595235,1,7.60657299903417,1.06228675208406
"dikkatli","MEMNUNIYET","GUV_Saglayici","ERS","EgitimGrup",-0.80635923884619,0,4.42663504970794,9.91450615699874
"dikkatli","MEMNUNIYET","GUV_Saglayici","ERS","MedeniDurum",2.34510250922578,1,6.51893189580284,0.624757327376857
"dikkatli","MEMNUNIYET","GUV_Saglayici","ERS","Gelir",-0.795029214909968,0,12.3892377471554,27.436037528256
"dikkatli","MEMNUNIYET","GUV_Saglayici","ERS","MeslekGrup",-0.0176445368107343,0.75,22.716574694101,23.120955194746
"dikkatli","MEMNUNIYET","GUV_Odeyici","ERS","Cinsiyet",-0.308475395604006,0,11.0234144474255,15.0067033690038
"dikkatli","MEMNUNIYET","GUV_Odeyici","ERS","YasGrup",1.77364533920683,1,10.6507332804453,1.8075699941866
"dikkatli","MEMNUNIYET","GUV_Odeyici","ERS","EgitimGrup",0.0924028514551607,1,4.22678038646823,3.85371536801673
"dikkatli","MEMNUNIYET","GUV_Odeyici","ERS","MedeniDurum",0.611749401265703,1,7.38801579877781,4.0072683445951
"dikkatli","MEMNUNIYET","GUV_Odeyici","ERS","Gelir",-0.621631062136147,0,14.5147363473842,27.0258954096444
"dikkatli","MEMNUNIYET","GUV_Odeyici","ERS","MeslekGrup",1.84696007286983,1,9.86805122992756,1.55634840582856
"dikkatli","MEMNUNIYET","GUVEN","ERS","Cinsiyet",-1.1434956877749,0,0.534863182442112,1.67824969477889
"dikkatli","MEMNUNIYET","GUVEN","ERS","YasGrup",1.97593987493662,1,7.94911935187812,1.10199400039548
"dikkatli","MEMNUNIYET","GUVEN","ERS","EgitimGrup",-1.27053415650687,0,2.07071697846122,7.37745754894206
"dikkatli","MEMNUNIYET","GUVEN","ERS","MedeniDurum",0.72301858583968,1,6.31914106327747,3.06658542655454
"dikkatli","MEMNUNIYET","GUVEN","ERS","Gelir",-0.674723204534196,0,11.9493450087249,23.4624124597503
"dikkatli","MEMNUNIYET","GUVEN","ERS","MeslekGrup",0.193611383546633,0.75,15.42752512363,12.7119421197104
"dikkatli","MEMNUNIYET","SOY_index","ERS","Cinsiyet",-0.61062038585104,0,24.5352571370398,45.1834801190869
"dikkatli","MEMNUNIYET","SOY_index","ERS","YasGrup",0.400985820754673,1,16.3196655473913,10.9286199851111
"dikkatli","MEMNUNIYET","SOY_index","ERS","EgitimGrup",-0.801953966233542,0,23.1183074363304,51.551370699851
"dikkatli","MEMNUNIYET","SOY_index","ERS","MedeniDurum",-1.01523401431191,0,7.38750081525891,20.3895702583127
"dikkatli","MEMNUNIYET","SOY_index","ERS","Gelir",-1.31492584851374,0,4.51795291223139,16.8270017949445
"dikkatli","MEMNUNIYET","SOY_index","ERS","MeslekGrup",-0.221849982801788,0.5,40.6267610523935,50.7178019145569
"dikkatli","MEMNUNIYET","GUV_Saglayici","KAB","Cinsiyet",0.369307878388848,1,1.76587687950671,1.22059629005404
"dikkatli","MEMNUNIYET","GUV_Saglayici","KAB","YasGrup",1.4706918355476,1,7.60657299903417,1.74773541585363
"dikkatli","MEMNUNIYET","GUV_Saglayici","KAB","EgitimGrup",-1.50493902082026,0.333333333333333,4.42663504970794,19.9370285834274
"dikkatli","MEMNUNIYET","GUV_Saglayici","KAB","MedeniDurum",-0.308205069053698,1,6.51893189580284,8.8721362950976
"dikkatli","MEMNUNIYET","GUV_Saglayici","KAB","Gelir",-1.00665420889255,0,12.3892377471554,33.9022838232792
"dikkatli","MEMNUNIYET","GUV_Saglayici","KAB","MeslekGrup",0.0425293143412624,0.75,22.716574694101,21.7707103923163
"dikkatli","MEMNUNIYET","GUV_Odeyici","KAB","Cinsiyet",-0.881611736841345,0,11.0234144474255,26.6192152833559
"dikkatli","MEMNUNIYET","GUV_Odeyici","KAB","YasGrup",1.14537922855576,1,10.6507332804453,3.38803298251312
"dikkatli","MEMNUNIYET","GUV_Odeyici","KAB","EgitimGrup",-0.560190282034676,0.666666666666667,4.22678038646823,7.40111636039087
"dikkatli","MEMNUNIYET","GUV_Odeyici","KAB","MedeniDurum",2.39843095439978,1,7.38801579877781,0.67127810313292
"dikkatli","MEMNUNIYET","GUV_Odeyici","KAB","Gelir",-1.1151753596395,0,14.5147363473842,44.2714408579597
"dikkatli","MEMNUNIYET","GUV_Odeyici","KAB","MeslekGrup",-0.204669086546744,0.5,9.86805122992756,12.1092724451092
"dikkatli","MEMNUNIYET","GUVEN","KAB","Cinsiyet",-2.25315668406677,0,0.534863182442112,5.09068501600154
"dikkatli","MEMNUNIYET","GUVEN","KAB","YasGrup",2.4173993928399,1,7.94911935187812,0.708689168776326
"dikkatli","MEMNUNIYET","GUVEN","KAB","EgitimGrup",-1.69041085672654,0,2.07071697846122,11.2268224228349
"dikkatli","MEMNUNIYET","GUVEN","KAB","MedeniDurum",0.37833834917422,1,6.31914106327747,4.32860336424543
"dikkatli","MEMNUNIYET","GUVEN","KAB","Gelir",-1.04313259091688,0,11.9493450087249,33.9133606885968
"dikkatli","MEMNUNIYET","GUVEN","KAB","MeslekGrup",0.225738020361337,0.75,15.42752512363,12.3100406105898
"dikkatli","MEMNUNIYET","SOY_index","KAB","Cinsiyet",-0.479516807795958,0,24.5352571370398,39.6316466865954
"dikkatli","MEMNUNIYET","SOY_index","KAB","YasGrup",-0.104482170303926,1,16.3196655473913,18.1170417104033
"dikkatli","MEMNUNIYET","SOY_index","KAB","EgitimGrup",-1.24450167881426,0,23.1183074363304,80.2483749912901
"dikkatli","MEMNUNIYET","SOY_index","KAB","MedeniDurum",-1.17971848052268,0,7.38750081525891,24.0349248475535
"dikkatli","MEMNUNIYET","SOY_index","KAB","Gelir",-1.49778347177404,0,4.51795291223139,20.2032295274456
"dikkatli","MEMNUNIYET","SOY_index","KAB","MeslekGrup",-0.769090021555605,0.25,40.6267610523935,87.6644984224503
"dikkatli","MEMNUNIYET","GUV_Saglayici","UYG","Cinsiyet",-2.00646466984448,0,1.76587687950671,13.1327887014576
"dikkatli","MEMNUNIYET","GUV_Saglayici","UYG","YasGrup",1.51544845667128,1,7.60657299903417,1.67123735040499
"dikkatli","MEMNUNIYET","GUV_Saglayici","UYG","EgitimGrup",-1.54067291084557,0,4.42663504970794,20.6623380571114
"dikkatli","MEMNUNIYET","GUV_Saglayici","UYG","MedeniDurum",4.50574960833326,1,6.51893189580284,0.0720035970040273
"dikkatli","MEMNUNIYET","GUV_Saglayici","UYG","Gelir",-0.484331557522837,0,12.3892377471554,20.1088442346701
"dikkatli","MEMNUNIYET","GUV_Saglayici","UYG","MeslekGrup",0.389823448670762,0.5,22.716574694101,15.3831287305549
"dikkatli","MEMNUNIYET","GUV_Odeyici","UYG","Cinsiyet",0.36785163894101,1,11.0234144474255,7.63062654072123
"dikkatli","MEMNUNIYET","GUV_Odeyici","UYG","YasGrup",3.2791132623315,1,10.6507332804453,0.401124051596713
"dikkatli","MEMNUNIYET","GUV_Odeyici","UYG","EgitimGrup",-0.567951346554868,0.333333333333333,4.22678038646823,7.45878037970528
"dikkatli","MEMNUNIYET","GUV_Odeyici","UYG","MedeniDurum",1.137118325901,1,7.38801579877781,2.36964669928943
"dikkatli","MEMNUNIYET","GUV_Odeyici","UYG","Gelir",-0.781031756320843,0,14.5147363473842,31.6961806645836
"dikkatli","MEMNUNIYET","GUV_Odeyici","UYG","MeslekGrup",-0.707103832361193,0.25,9.86805122992756,20.0134835330073
"dikkatli","MEMNUNIYET","GUVEN","UYG","Cinsiyet",-2.61039602975754,0,0.534863182442112,7.27651288788435
"dikkatli","MEMNUNIYET","GUVEN","UYG","YasGrup",2.43577417116168,1,7.94911935187812,0.695786071037603
"dikkatli","MEMNUNIYET","GUVEN","UYG","EgitimGrup",-1.92943658848674,0,2.07071697846122,14.2581903973544
"dikkatli","MEMNUNIYET","GUVEN","UYG","MedeniDurum",1.49731401664744,1,6.31914106327747,1.41378325267728
"dikkatli","MEMNUNIYET","GUVEN","UYG","Gelir",-0.592153507280004,0,11.9493450087249,21.6029520329488
"dikkatli","MEMNUNIYET","GUVEN","UYG","MeslekGrup",0.177261212732056,0.5,15.42752512363,12.9214929728227
"dikkatli","MEMNUNIYET","SOY_index","UYG","Cinsiyet",-0.482059233793501,0,24.5352571370398,39.7325354121969
"dikkatli","MEMNUNIYET","SOY_index","UYG","YasGrup",-0.141670619753977,1,16.3196655473913,18.8034709113857
"dikkatli","MEMNUNIYET","SOY_index","UYG","EgitimGrup",-0.747624573985967,0.333333333333333,23.1183074363304,48.8253383976853
"dikkatli","MEMNUNIYET","SOY_index","UYG","MedeniDurum",-0.33895434943427,1,7.38750081525891,10.3682042858503
"dikkatli","MEMNUNIYET","SOY_index","UYG","Gelir",0.109832971409881,1,4.51795291223139,4.04801251675902
"dikkatli","MEMNUNIYET","SOY_index","UYG","MeslekGrup",-0.242764913252149,0.25,40.6267610523935,51.789731809378
"dikkatli","MEMNUNIYET","GUV_Saglayici","ULS","Cinsiyet",-1.58320156062779,0,1.76587687950671,8.60074603476727
"dikkatli","MEMNUNIYET","GUV_Saglayici","ULS","YasGrup",0.440189462083935,1,7.60657299903417,4.89798197765729
"dikkatli","MEMNUNIYET","GUV_Saglayici","ULS","EgitimGrup",-0.625921046823716,0.333333333333333,4.42663504970794,8.27766365114386
"dikkatli","MEMNUNIYET","GUV_Saglayici","ULS","MedeniDurum",1.39115275979075,1,6.51893189580284,1.62183427695208
"dikkatli","MEMNUNIYET","GUV_Saglayici","ULS","Gelir",-0.852070088820238,0,12.3892377471554,29.0465077641929
"dikkatli","MEMNUNIYET","GUV_Saglayici","ULS","MeslekGrup",0.479261870308447,0.75,22.716574694101,14.067018588558
"dikkatli","MEMNUNIYET","GUV_Odeyici","ULS","Cinsiyet",-0.164929433458929,0,11.0234144474255,13.0000217468536
"dikkatli","MEMNUNIYET","GUV_Odeyici","ULS","YasGrup",0.771179130465458,1,10.6507332804453,4.92561731961012
"dikkatli","MEMNUNIYET","GUV_Odeyici","ULS","EgitimGrup",-0.382775263087785,0.333333333333333,4.22678038646823,6.19793287459492
"dikkatli","MEMNUNIYET","GUV_Odeyici","ULS","MedeniDurum",0.760292610087802,1,7.38801579877781,3.45411608888259
"dikkatli","MEMNUNIYET","GUV_Odeyici","ULS","Gelir",-0.847582975264213,0,14.5147363473842,33.8773757242223
"dikkatli","MEMNUNIYET","GUV_Odeyici","ULS","MeslekGrup",-0.508613921690805,0.25,9.86805122992756,16.4104169369115
"dikkatli","MEMNUNIYET","GUVEN","ULS","Cinsiyet",-1.94891375543285,0,0.534863182442112,3.75530487221023
"dikkatli","MEMNUNIYET","GUVEN","ULS","YasGrup",0.931739845654808,1,7.94911935187812,3.13090249981958
"dikkatli","MEMNUNIYET","GUVEN","ULS","EgitimGrup",-0.582336346738844,0,2.07071697846122,3.70703091063174
"dikkatli","MEMNUNIYET","GUVEN","ULS","MedeniDurum",0.633789346694994,1,6.31914106327747,3.35279371514676
"dikkatli","MEMNUNIYET","GUVEN","ULS","Gelir",-0.861646472484159,0,11.9493450087249,28.2847542061811
"dikkatli","MEMNUNIYET","GUVEN","ULS","MeslekGrup",0.374678834597588,0.75,15.42752512363,10.6065785317267
"dikkatli","MEMNUNIYET","SOY_index","ULS","Cinsiyet",-0.247389052701782,1,24.5352571370398,31.4217460537641
"dikkatli","MEMNUNIYET","SOY_index","ULS","YasGrup",-0.529177231700715,0,16.3196655473913,27.7032043735639
"dikkatli","MEMNUNIYET","SOY_index","ULS","EgitimGrup",-0.409585630929739,0.333333333333333,23.1183074363304,34.8206452236508
"dikkatli","MEMNUNIYET","SOY_index","ULS","MedeniDurum",-0.127129145178849,1,7.38750081525891,8.38897747191632
"dikkatli","MEMNUNIYET","SOY_index","ULS","Gelir",-0.75438056507433,0,4.51795291223139,9.60649624663646
"dikkatli","MEMNUNIYET","SOY_index","ULS","MeslekGrup",-0.627850654493466,0.25,40.6267610523935,76.1174577008809
"dikkatli","MEMNUNIYET","GUV_Saglayici","ERISIM","Cinsiyet",-2.08702834029047,0,1.76587687950671,14.2346015269113
"dikkatli","MEMNUNIYET","GUV_Saglayici","ERISIM","YasGrup",1.94103160762268,1,7.60657299903417,1.09196751240727
"dikkatli","MEMNUNIYET","GUV_Saglayici","ERISIM","EgitimGrup",-1.85844284453737,0,4.42663504970794,28.3912942991895
"dikkatli","MEMNUNIYET","GUV_Saglayici","ERISIM","MedeniDurum",-0.167242716728107,1,6.51893189580284,7.70564563707982
"dikkatli","MEMNUNIYET","GUV_Saglayici","ERISIM","Gelir",-1.2340044376534,0,12.3892377471554,42.5565002360455
"dikkatli","MEMNUNIYET","GUV_Saglayici","ERISIM","MeslekGrup",-0.0449885083641797,0.5,22.716574694101,23.7618969475521
"dikkatli","MEMNUNIYET","GUV_Odeyici","ERISIM","Cinsiyet",-0.444346722383213,1,11.0234144474255,17.1906962093057
"dikkatli","MEMNUNIYET","GUV_Odeyici","ERISIM","YasGrup",0.792195319137024,1,10.6507332804453,4.82317980986019
"dikkatli","MEMNUNIYET","GUV_Odeyici","ERISIM","EgitimGrup",-0.715627489910377,0.666666666666667,4.22678038646823,8.64575160544955
"dikkatli","MEMNUNIYET","GUV_Odeyici","ERISIM","MedeniDurum",2.47745245753707,1,7.38801579877781,0.620274428951163
"dikkatli","MEMNUNIYET","GUV_Odeyici","ERISIM","Gelir",-1.33774399218732,0,14.5147363473842,55.3074946161783
"dikkatli","MEMNUNIYET","GUV_Odeyici","ERISIM","MeslekGrup",-1.18417634422259,0,9.86805122992756,32.2487323373535
"dikkatli","MEMNUNIYET","GUVEN","ERISIM","Cinsiyet",-2.26881014509342,0,0.534863182442112,5.17099881013852
"dikkatli","MEMNUNIYET","GUVEN","ERISIM","YasGrup",0.667292116909425,1,7.94911935187812,4.07866215345319
"dikkatli","MEMNUNIYET","GUVEN","ERISIM","EgitimGrup",-2.10318071614845,0.333333333333333,2.07071697846122,16.9636977464281
"dikkatli","MEMNUNIYET","GUVEN","ERISIM","MedeniDurum",0.632331648477805,1,6.31914106327747,3.35768464046301
"dikkatli","MEMNUNIYET","GUVEN","ERISIM","Gelir",-1.2449598222187,0,11.9493450087249,41.4976288186619
"dikkatli","MEMNUNIYET","GUVEN","ERISIM","MeslekGrup",-0.419717754359111,0.5,15.42752512363,23.4734739209645
"dikkatli","MEMNUNIYET","SOY_index","ERISIM","Cinsiyet",-0.887697691799924,0,24.5352571370398,59.6091354652841
"dikkatli","MEMNUNIYET","SOY_index","ERISIM","YasGrup",-0.326929586414022,1,16.3196655473913,22.6305427383079
"dikkatli","MEMNUNIYET","SOY_index","ERISIM","EgitimGrup",-1.58429603905506,0,23.1183074363304,112.721578672877
"dikkatli","MEMNUNIYET","SOY_index","ERISIM","MedeniDurum",-1.03203632413563,0,7.38750081525891,20.735056490457
"dikkatli","MEMNUNIYET","SOY_index","ERISIM","Gelir",-1.79874486668615,0,4.51795291223139,27.2977386182926
"dikkatli","MEMNUNIYET","SOY_index","ERISIM","MeslekGrup",-0.6865155630305,0.25,40.6267610523935,80.7164625880689
"dikkatli","ERISIM","GUV_Saglayici","MTT","Cinsiyet",1.56825334968726,1,2.96735000935809,0.618422090261125
"dikkatli","ERISIM","GUV_Saglayici","MTT","YasGrup",0.0214655577493645,1,4.66533994266156,4.56626299375086
"dikkatli","ERISIM","GUV_Saglayici","MTT","EgitimGrup",-0.34908806615572,0.333333333333333,7.40606663175352,10.5001290335836
"dikkatli","ERISIM","GUV_Saglayici","MTT","MedeniDurum",-0.337684666121226,0,8.56594994195179,12.0068785951545
"dikkatli","ERISIM","GUV_Saglayici","MTT","Gelir",-1.46752685296521,0,7.38331524268622,32.0324551297176
"dikkatli","ERISIM","GUV_Saglayici","MTT","MeslekGrup",-0.804086297022076,0.5,23.3408094643812,52.1586275486186
"dikkatli","ERISIM","GUV_Odeyici","MTT","Cinsiyet",-1.05551807343253,0,3.61180649312846,10.3783939053037
"dikkatli","ERISIM","GUV_Odeyici","MTT","YasGrup",0.313397367514909,1,13.2931786762403,9.71677384455076
"dikkatli","ERISIM","GUV_Odeyici","MTT","EgitimGrup",1.28160277239474,1,6.34023353620008,1.7599982709489
"dikkatli","ERISIM","GUV_Odeyici","MTT","MedeniDurum",0.17776046508015,1,6.36908149579879,5.33183150774601
"dikkatli","ERISIM","GUV_Odeyici","MTT","Gelir",-0.967238442353353,0,14.1529347022959,37.231696123779
"dikkatli","ERISIM","GUV_Odeyici","MTT","MeslekGrup",-0.62817880822804,0.25,27.3686876456152,51.2942357162396
"dikkatli","ERISIM","GUVEN","MTT","Cinsiyet",-0.823410420283589,0,1.97302290103875,4.49505209462619
"dikkatli","ERISIM","GUVEN","MTT","YasGrup",1.46621333684408,1,8.14392296839711,1.87959938327813
"dikkatli","ERISIM","GUVEN","MTT","EgitimGrup",-0.0868253569094479,0.666666666666667,7.2303290054377,7.88616452179344
"dikkatli","ERISIM","GUVEN","MTT","MedeniDurum",-0.123502086844295,1,6.94081693785972,7.85320374557798
"dikkatli","ERISIM","GUVEN","MTT","Gelir",-1.26514564343056,0,9.19744241407711,32.5921379186498
"dikkatli","ERISIM","GUVEN","MTT","MeslekGrup",-0.783101462410541,0.25,24.3670090884934,53.321071646319
"dikkatli","ERISIM","SOY_index","MTT","Cinsiyet",2.60652161256933,1,8.53267159996231,0.629632404791014
"dikkatli","ERISIM","SOY_index","MTT","YasGrup",-0.0319941524678136,1,5.01637368357273,5.17946335459865
"dikkatli","ERISIM","SOY_index","MTT","EgitimGrup",-0.761864492990663,0.333333333333333,8.6009650879122,18.4255614555817
"dikkatli","ERISIM","SOY_index","MTT","MedeniDurum",-0.497485719470265,0,8.7777941439899,14.4357946171757
"dikkatli","ERISIM","SOY_index","MTT","Gelir",-0.345622737502873,0,22.6651760951128,32.022935853035
"dikkatli","ERISIM","SOY_index","MTT","MeslekGrup",-0.782631402831384,0.25,15.2075755967114,33.2623158958956
"dikkatli","ERISIM","GUV_Saglayici","FCV","Cinsiyet",-1.02359937727182,0,2.96735000935809,8.25871231415305
"dikkatli","ERISIM","GUV_Saglayici","FCV","YasGrup",-0.184069809205349,0,4.66533994266156,5.60820392381762
"dikkatli","ERISIM","GUV_Saglayici","FCV","EgitimGrup",-0.173914297984364,0.333333333333333,7.40606663175352,8.81287550429468
"dikkatli","ERISIM","GUV_Saglayici","FCV","MedeniDurum",0.178197369908376,1,8.56594994195179,7.16779205618724
"dikkatli","ERISIM","GUV_Saglayici","FCV","Gelir",-0.653269990441888,0,7.38331524268622,14.1893651186832
"dikkatli","ERISIM","GUV_Saglayici","FCV","MeslekGrup",-0.079837128342152,1,23.3408094643812,25.2806792011969
"dikkatli","ERISIM","GUV_Odeyici","FCV","Cinsiyet",-0.474948154720765,0,3.61180649312846,5.80753502452124
"dikkatli","ERISIM","GUV_Odeyici","FCV","YasGrup",-0.12178555560481,0,13.2931786762403,15.0148029508758
"dikkatli","ERISIM","GUV_Odeyici","FCV","EgitimGrup",-0.0795028436655292,0.666666666666667,6.34023353620008,6.86487922992042
"dikkatli","ERISIM","GUV_Odeyici","FCV","MedeniDurum",0.922464952915626,1,6.36908149579879,2.53195140487427
"dikkatli","ERISIM","GUV_Odeyici","FCV","Gelir",-0.557157931814257,0,14.1529347022959,24.7068352014833
"dikkatli","ERISIM","GUV_Odeyici","FCV","MeslekGrup",-0.176518617324916,0.25,27.3686876456152,32.6523944729581
"dikkatli","ERISIM","GUVEN","FCV","Cinsiyet",-1.23928494312264,0,1.97302290103875,6.81313100926529
"dikkatli","ERISIM","GUVEN","FCV","YasGrup",-0.160554024248392,0,8.14392296839711,9.56227840451493
"dikkatli","ERISIM","GUVEN","FCV","EgitimGrup",-0.162519402625993,0.333333333333333,7.2303290054377,8.50627344448374
"dikkatli","ERISIM","GUVEN","FCV","MedeniDurum",0.479678174897161,1,6.94081693785972,4.29624465982471
"dikkatli","ERISIM","GUVEN","FCV","Gelir",-0.578064256830279,0,9.19744241407711,16.3952179557159
"dikkatli","ERISIM","GUVEN","FCV","MeslekGrup",-0.123467438379552,0.75,24.3670090884934,27.5691548341957
"dikkatli","ERISIM","SOY_index","FCV","Cinsiyet",0.260797250580592,1,8.53267159996231,6.57388684112924
"dikkatli","ERISIM","SOY_index","FCV","YasGrup",-0.638509266379954,0,5.01637368357273,9.49928531898797
"dikkatli","ERISIM","SOY_index","FCV","EgitimGrup",-0.627220073168986,0,8.6009650879122,16.104431622957
"dikkatli","ERISIM","SOY_index","FCV","MedeniDurum",0.609255164918762,1,8.7777941439899,4.77297582832832
"dikkatli","ERISIM","SOY_index","FCV","Gelir",-0.0838143019083426,0,22.6651760951128,24.6467231307508
"dikkatli","ERISIM","SOY_index","FCV","MeslekGrup",-0.1788654387416,0.5,15.2075755967114,18.1861285711279
"dikkatli","ERISIM","GUV_Saglayici","RNS","Cinsiyet",-1.1949254161198,0,2.96735000935809,9.80208109974154
"dikkatli","ERISIM","GUV_Saglayici","RNS","YasGrup",-0.352997716435753,0,4.66533994266156,6.64030847573988
"dikkatli","ERISIM","GUV_Saglayici","RNS","EgitimGrup",-0.379358699102947,0.333333333333333,7.40606663175352,10.8228341892662
"dikkatli","ERISIM","GUV_Saglayici","RNS","MedeniDurum",-0.0466288647352902,1,8.56594994195179,8.97482916953305
"dikkatli","ERISIM","GUV_Saglayici","RNS","Gelir",-0.493642570985811,0,7.38331524268622,12.0958852058255
"dikkatli","ERISIM","GUV_Saglayici","RNS","MeslekGrup",-0.191517268832272,0.5,23.3408094643812,28.2677216677733
"dikkatli","ERISIM","GUV_Odeyici","RNS","Cinsiyet",0.28709685870668,1,3.61180649312846,2.71044059040226
"dikkatli","ERISIM","GUV_Odeyici","RNS","YasGrup",-0.0836737248406183,1,13.2931786762403,14.4533286881923
"dikkatli","ERISIM","GUV_Odeyici","RNS","EgitimGrup",-0.205445171949356,0.333333333333333,6.34023353620008,7.78626103927188
"dikkatli","ERISIM","GUV_Odeyici","RNS","MedeniDurum",0.272586078648032,1,6.36908149579879,4.84946887122535
"dikkatli","ERISIM","GUV_Odeyici","RNS","Gelir",-0.557286656196285,0,14.1529347022959,24.7100157782823
"dikkatli","ERISIM","GUV_Odeyici","RNS","MeslekGrup",-0.289060202202234,0,27.3686876456152,36.5419083368303
"dikkatli","ERISIM","GUVEN","RNS","Cinsiyet",-1.16749520858254,0,1.97302290103875,6.34116208783431
"dikkatli","ERISIM","GUVEN","RNS","YasGrup",-0.209541507944001,0,8.14392296839711,10.0423736861731
"dikkatli","ERISIM","GUVEN","RNS","EgitimGrup",-0.319243905446575,0,7.2303290054377,9.94956116873254
"dikkatli","ERISIM","GUVEN","RNS","MedeniDurum",0.0548099500152792,1,6.94081693785972,6.57062877505852
"dikkatli","ERISIM","GUVEN","RNS","Gelir",-0.51208230844865,0,9.19744241407711,15.3483466144903
"dikkatli","ERISIM","GUVEN","RNS","MeslekGrup",-0.273982901530634,0.5,24.3670090884934,32.0473030781094
"dikkatli","ERISIM","SOY_index","RNS","Cinsiyet",0.623242054160688,1,8.53267159996231,4.57524595416963
"dikkatli","ERISIM","SOY_index","RNS","YasGrup",-0.447380153765957,0,5.01637368357273,7.84665599675037
"dikkatli","ERISIM","SOY_index","RNS","EgitimGrup",-0.751057215565249,0,8.6009650879122,18.2275034626573
"dikkatli","ERISIM","SOY_index","RNS","MedeniDurum",0.422958176335778,1,8.7777941439899,5.75038588331198
"dikkatli","ERISIM","SOY_index","RNS","Gelir",-0.172864371940738,0,22.6651760951128,26.9422052603043
"dikkatli","ERISIM","SOY_index","RNS","MeslekGrup",-0.372141992007085,0.25,15.2075755967114,22.063743383402
"dikkatli","ERISIM","GUV_Saglayici","ILT","Cinsiyet",-1.62238487271151,0,2.96735000935809,15.0300897809228
"dikkatli","ERISIM","GUV_Saglayici","ILT","YasGrup",0.651230484433788,1,4.66533994266156,2.43252598178417
"dikkatli","ERISIM","GUV_Saglayici","ILT","EgitimGrup",-0.912041550440536,0.333333333333333,7.40606663175352,18.4366592064002
"dikkatli","ERISIM","GUV_Saglayici","ILT","MedeniDurum",-0.162238211995438,1,8.56594994195179,10.0747596104152
"dikkatli","ERISIM","GUV_Saglayici","ILT","Gelir",-1.10741395111965,0,7.38331524268622,22.3457625866517
"dikkatli","ERISIM","GUV_Saglayici","ILT","MeslekGrup",-0.0360534807999535,1,23.3408094643812,24.1976806701634
"dikkatli","ERISIM","GUV_Odeyici","ILT","Cinsiyet",-1.01320900392688,0,3.61180649312846,9.94845304758676
"dikkatli","ERISIM","GUV_Odeyici","ILT","YasGrup",-0.32880527024512,0,13.2931786762403,18.4683100431002
"dikkatli","ERISIM","GUV_Odeyici","ILT","EgitimGrup",-1.14580453162085,0,6.34023353620008,19.9398478842304
"dikkatli","ERISIM","GUV_Odeyici","ILT","MedeniDurum",-0.594389004013414,0,6.36908149579879,11.5402886264192
"dikkatli","ERISIM","GUV_Odeyici","ILT","Gelir",-1.02431107486525,0,14.1529347022959,39.4184143873844
"dikkatli","ERISIM","GUV_Odeyici","ILT","MeslekGrup",-0.664191158406393,0.25,27.3686876456152,53.1751260651255
"dikkatli","ERISIM","GUVEN","ILT","Cinsiyet",-1.93321483216778,0,1.97302290103875,13.6369315944848
"dikkatli","ERISIM","GUVEN","ILT","YasGrup",-0.0324281284928301,1,8.14392296839711,8.41234382028075
"dikkatli","ERISIM","GUVEN","ILT","EgitimGrup",-0.940046051391998,0,7.2303290054377,18.5103603261599
"dikkatli","ERISIM","GUVEN","ILT","MedeniDurum",-0.19564899780121,1,6.94081693785972,8.4407273181998
"dikkatli","ERISIM","GUVEN","ILT","Gelir",-1.0420435890269,0,9.19744241407711,26.0747923337954
"dikkatli","ERISIM","GUVEN","ILT","MeslekGrup",-0.283005933115905,0.5,24.3670090884934,32.3377754058567
"dikkatli","ERISIM","SOY_index","ILT","Cinsiyet",0.369328684554658,1,8.53267159996231,5.89776713657461
"dikkatli","ERISIM","SOY_index","ILT","YasGrup",-0.882799963548419,0,5.01637368357273,12.1278839925116
"dikkatli","ERISIM","SOY_index","ILT","EgitimGrup",-1.31224218679466,0,8.6009650879122,31.9482243740572
"dikkatli","ERISIM","SOY_index","ILT","MedeniDurum",-0.207480006696733,1,8.7777941439899,10.80171747062
"dikkatli","ERISIM","SOY_index","ILT","Gelir",-0.612424151163264,0,22.6651760951128,41.8149447359853
"dikkatli","ERISIM","SOY_index","ILT","MeslekGrup",-0.596025481069135,0,15.2075755967114,27.600094029405
"dikkatli","ERISIM","GUV_Saglayici","MEMNUNIYET","Cinsiyet",-1.19938688648086,0,2.96735000935809,9.8459104931582
"dikkatli","ERISIM","GUV_Saglayici","MEMNUNIYET","YasGrup",0.426513318172552,1,4.66533994266156,3.04544607051571
"dikkatli","ERISIM","GUV_Saglayici","MEMNUNIYET","EgitimGrup",-0.557933553788927,0.333333333333333,7.40606663175352,12.9388321496472
"dikkatli","ERISIM","GUV_Saglayici","MEMNUNIYET","MedeniDurum",-0.172018872231658,1,8.56594994195179,10.1737808684907
"dikkatli","ERISIM","GUV_Saglayici","MEMNUNIYET","Gelir",-1.27201246176795,0,7.38331524268622,26.3438597261663
"dikkatli","ERISIM","GUV_Saglayici","MEMNUNIYET","MeslekGrup",-0.333133216401474,0.5,23.3408094643812,32.5682056024607
"dikkatli","ERISIM","GUV_Odeyici","MEMNUNIYET","Cinsiyet",1.87660735387884,1,3.61180649312846,0.552998876888602
"dikkatli","ERISIM","GUV_Odeyici","MEMNUNIYET","YasGrup",-0.13174438157395,1,13.2931786762403,15.1650798090492
"dikkatli","ERISIM","GUV_Odeyici","MEMNUNIYET","EgitimGrup",-0.396576244443575,0.333333333333333,6.34023353620008,9.42618870656223
"dikkatli","ERISIM","GUV_Odeyici","MEMNUNIYET","MedeniDurum",0.238477524057895,1,6.36908149579879,5.01773051343952
"dikkatli","ERISIM","GUV_Odeyici","MEMNUNIYET","Gelir",-1.03807739461745,0,14.1529347022959,39.9648132054775
"dikkatli","ERISIM","GUV_Odeyici","MEMNUNIYET","MeslekGrup",-0.519016992049641,0,27.3686876456152,45.9896589350473
"dikkatli","ERISIM","GUVEN","MEMNUNIYET","Cinsiyet",-1.10235271671963,0,1.97302290103875,5.94125003177787
"dikkatli","ERISIM","GUVEN","MEMNUNIYET","YasGrup",0.00905676576365133,1,8.14392296839711,8.07049836220148
"dikkatli","ERISIM","GUVEN","MEMNUNIYET","EgitimGrup",-0.472769561281187,0,7.2303290054377,11.6005684651805
"dikkatli","ERISIM","GUVEN","MEMNUNIYET","MedeniDurum",0.0136072050074099,1,6.94081693785972,6.84701148115408
"dikkatli","ERISIM","GUVEN","MEMNUNIYET","Gelir",-1.17065083883989,0,9.19744241407711,29.6533850693158
"dikkatli","ERISIM","GUVEN","MEMNUNIYET","MeslekGrup",-0.455452564889955,0.25,24.3670090884934,38.4240165817193
"dikkatli","ERISIM","SOY_index","MEMNUNIYET","Cinsiyet",-0.37597030586026,0,8.53267159996231,12.4270160847083
"dikkatli","ERISIM","SOY_index","MEMNUNIYET","YasGrup",-0.229385066836199,0,5.01637368357273,6.30972671708817
"dikkatli","ERISIM","SOY_index","MEMNUNIYET","EgitimGrup",-1.04202309246671,0,8.6009650879122,24.3832765424028
"dikkatli","ERISIM","SOY_index","MEMNUNIYET","MedeniDurum",0.242844937319073,1,8.7777941439899,6.88524145995434
"dikkatli","ERISIM","SOY_index","MEMNUNIYET","Gelir",-0.376700263404357,0,22.6651760951128,33.0337549969765
"dikkatli","ERISIM","SOY_index","MEMNUNIYET","MeslekGrup",-0.544766838609317,0,15.2075755967114,26.2209979198178
"dikkatli","ERISIM","MTT","GUV_Saglayici","Cinsiyet",-1.04338251928438,0,2.29510454698532,6.51534991862421
"dikkatli","ERISIM","MTT","GUV_Saglayici","YasGrup",-0.256581453291691,1,17.3070750904421,22.3694644817253
"dikkatli","ERISIM","MTT","GUV_Saglayici","EgitimGrup",-0.679902858292053,0.333333333333333,11.3737605950115,22.448232014433
"dikkatli","ERISIM","MTT","GUV_Saglayici","MedeniDurum",-0.721927105115753,0,2.53268048508911,5.21325973647327
"dikkatli","ERISIM","MTT","GUV_Saglayici","Gelir",-4.64356742194013,0,0.537815886450315,55.8868127506372
"dikkatli","ERISIM","MTT","GUV_Saglayici","MeslekGrup",-0.500402166026153,0.5,24.5080113198025,40.4231331142881
"dikkatli","ERISIM","FCV","GUV_Saglayici","Cinsiyet",-0.338966142431803,1,15.1946901256947,21.3256841644942
"dikkatli","ERISIM","FCV","GUV_Saglayici","YasGrup",-1.31821603417491,0,14.672732872954,54.8283227743866
"dikkatli","ERISIM","FCV","GUV_Saglayici","EgitimGrup",-1.34500236882751,0,24.0614489199407,92.3525481872289
"dikkatli","ERISIM","FCV","GUV_Saglayici","MedeniDurum",-0.426542977549673,1,23.3068512931481,35.7049859665863
"dikkatli","ERISIM","FCV","GUV_Saglayici","Gelir",-1.89641448262491,0,24.7842382761772,165.111727433677
"dikkatli","ERISIM","FCV","GUV_Saglayici","MeslekGrup",-0.0400060554768893,0.75,27.9901711103854,29.1326480751288
"dikkatli","ERISIM","RNS","GUV_Saglayici","Cinsiyet",0.586628581912936,1,11.7379112272285,6.52861809377028
"dikkatli","ERISIM","RNS","GUV_Saglayici","YasGrup",-1.31117654153001,0,8.35001695151864,30.9830447524469
"dikkatli","ERISIM","RNS","GUV_Saglayici","EgitimGrup",-1.11318639525995,0.333333333333333,22.3756940588428,68.1125632574892
"dikkatli","ERISIM","RNS","GUV_Saglayici","MedeniDurum",-0.389362667872942,1,14.5650653579241,21.4986156743929
"dikkatli","ERISIM","RNS","GUV_Saglayici","Gelir",-1.58567668310626,0,19.628970002748,95.8402957136132
"dikkatli","ERISIM","RNS","GUV_Saglayici","MeslekGrup",-0.233266057796115,1,29.0327447458763,36.6601516856078
"dikkatli","ERISIM","ILT","GUV_Saglayici","Cinsiyet",1.48695940152779,1,8.13460777347981,1.838901015653
"dikkatli","ERISIM","ILT","GUV_Saglayici","YasGrup",-0.636399429428517,0,15.1822309316093,28.6893265418901
"dikkatli","ERISIM","ILT","GUV_Saglayici","EgitimGrup",-0.892540045097546,0.333333333333333,8.88579409646854,21.6930922056027
"dikkatli","ERISIM","ILT","GUV_Saglayici","MedeniDurum",-0.585401416905579,0,3.744092800559,6.72331114350137
"dikkatli","ERISIM","ILT","GUV_Saglayici","Gelir",-2.39902031662142,0,5.00918623617462,55.1630746768428
"dikkatli","ERISIM","ILT","GUV_Saglayici","MeslekGrup",-0.136491391374378,0.75,33.9115163567584,38.8709064116483
"dikkatli","ERISIM","MEMNUNIYET","GUV_Saglayici","Cinsiyet",0.971952865488731,1,4.07374481533497,1.54127471175207
"dikkatli","ERISIM","MEMNUNIYET","GUV_Saglayici","YasGrup",-0.740888837430603,0,13.8571294494368,29.0694763121164
"dikkatli","ERISIM","MEMNUNIYET","GUV_Saglayici","EgitimGrup",-1.05117635777655,0,12.9564789641179,37.0686770049327
"dikkatli","ERISIM","MEMNUNIYET","GUV_Saglayici","MedeniDurum",1.21614227437274,1,7.1065695314654,2.1061831266211
"dikkatli","ERISIM","MEMNUNIYET","GUV_Saglayici","Gelir",-2.30507881554263,0,7.42688679402771,74.4543050993702
"dikkatli","ERISIM","MEMNUNIYET","GUV_Saglayici","MeslekGrup",-0.300062565791231,0.75,23.9389483838568,32.3162221503148
"dikkatli","MEMNUNIYET","ERS","GUV_Saglayici","Cinsiyet",-1.58468528903353,0,5.96138906135389,29.0782016207316
"dikkatli","MEMNUNIYET","ERS","GUV_Saglayici","YasGrup",-0.430845308825119,1,20.724536722503,31.8858920412656
"dikkatli","MEMNUNIYET","ERS","GUV_Saglayici","EgitimGrup",-1.4626250393193,0,10.1214554105471,43.6971336697361
"dikkatli","MEMNUNIYET","ERS","GUV_Saglayici","MedeniDurum",0.364289540859437,1,15.1192831772431,10.5032151973765
"dikkatli","MEMNUNIYET","ERS","GUV_Saglayici","Gelir",-0.899661779624205,0,5.11532448360928,12.5774133721128
"dikkatli","MEMNUNIYET","ERS","GUV_Saglayici","MeslekGrup",-0.838258401084259,0.75,34.8259046820488,80.5292037809956
"dikkatli","MEMNUNIYET","KAB","GUV_Saglayici","Cinsiyet",0.0610764398168882,1,2.49370406618734,2.3459554067448
"dikkatli","MEMNUNIYET","KAB","GUV_Saglayici","YasGrup",-0.907072743520235,1,17.8609147002039,44.2425737719887
"dikkatli","MEMNUNIYET","KAB","GUV_Saglayici","EgitimGrup",-1.16150259111073,0,11.7231225341697,37.4522117959113
"dikkatli","MEMNUNIYET","KAB","GUV_Saglayici","MedeniDurum",0.585356981575509,1,16.7120259008942,9.30704455118917
"dikkatli","MEMNUNIYET","KAB","GUV_Saglayici","Gelir",-2.11794334845495,0,1.38188909813996,11.489054845275
"dikkatli","MEMNUNIYET","KAB","GUV_Saglayici","MeslekGrup",-0.371808384331678,0.75,23.7248156155153,34.409405998405
"dikkatli","MEMNUNIYET","UYG","GUV_Saglayici","Cinsiyet",-0.967885175207917,0,4.46131084679818,11.7438278273195
"dikkatli","MEMNUNIYET","UYG","GUV_Saglayici","YasGrup",-0.454641689074731,1,16.5923876524583,26.1431107439301
"dikkatli","MEMNUNIYET","UYG","GUV_Saglayici","EgitimGrup",-1.25951573699631,0.333333333333333,7.58264028153561,26.7190608186316
"dikkatli","MEMNUNIYET","UYG","GUV_Saglayici","MedeniDurum",0.653221334046415,1,9.59297595038074,4.99186618005962
"dikkatli","MEMNUNIYET","UYG","GUV_Saglayici","Gelir",0.73152913706401,1,4.8157653209657,2.31721454798457
"dikkatli","MEMNUNIYET","UYG","GUV_Saglayici","MeslekGrup",-0.321670262319145,0.5,48.1909091926554,66.4759786889713
"dikkatli","MEMNUNIYET","ULS","GUV_Saglayici","Cinsiyet",-1.60501827450232,0,3.78046239733117,18.8189549910243
"dikkatli","MEMNUNIYET","ULS","GUV_Saglayici","YasGrup",0.967925765243841,1,8.9759015618857,3.40967716858498
"dikkatli","MEMNUNIYET","ULS","GUV_Saglayici","EgitimGrup",-0.530496101568041,0.333333333333333,10.5908006243092,18.0019819583196
"dikkatli","MEMNUNIYET","ULS","GUV_Saglayici","MedeniDurum",-2.00883619405881,0,2.7609672462987,20.582007402806
"dikkatli","MEMNUNIYET","ULS","GUV_Saglayici","Gelir",0.826859281093977,1,3.93321055572047,1.72046868210903
"dikkatli","MEMNUNIYET","ULS","GUV_Saglayici","MeslekGrup",-0.115716992672607,0.5,15.2823050711127,17.1571092379883
"dikkatli","MEMNUNIYET","ERISIM","GUV_Saglayici","Cinsiyet",-0.711201777996328,1,1.53313678437265,3.12213668954889
"dikkatli","MEMNUNIYET","ERISIM","GUV_Saglayici","YasGrup",-0.5837766715271,1,13.7531264986507,24.6565565724867
"dikkatli","MEMNUNIYET","ERISIM","GUV_Saglayici","EgitimGrup",-0.935743226437031,0.333333333333333,8.74069854132296,22.280978630017
"dikkatli","MEMNUNIYET","ERISIM","GUV_Saglayici","MedeniDurum",0.324438359935163,1,8.35048286205834,6.03684186149072
"dikkatli","MEMNUNIYET","ERISIM","GUV_Saglayici","Gelir",-2.01304081853394,0,0.967067960026111,7.23951576400368
"dikkatli","MEMNUNIYET","ERISIM","GUV_Saglayici","MeslekGrup",-0.243126539254289,0.5,27.5003051193535,35.0692135655014
"dikkatli","ERISIM","SOY_index","GUV_Saglayici","Cinsiyet",-0.290927652103227,0,8.53267159996231,11.4138800761932
"dikkatli","ERISIM","SOY_index","GUV_Saglayici","YasGrup",-0.317460136409425,0,5.01637368357273,6.8906638890068
"dikkatli","ERISIM","SOY_index","GUV_Saglayici","EgitimGrup",-0.615432594304024,0.333333333333333,8.6009650879122,15.9157154047555
"dikkatli","ERISIM","SOY_index","GUV_Saglayici","MedeniDurum",-0.860747202839322,0,8.7777941439899,20.758843385362
"dikkatli","ERISIM","SOY_index","GUV_Saglayici","Gelir",-0.44453916672488,0,22.6651760951128,35.3524897307852
"dikkatli","ERISIM","SOY_index","GUV_Saglayici","MeslekGrup",-0.25807779519127,0.5,15.2075755967114,19.6852867960148
"dikkatli","MEMNUNIYET","SOY_index","GUV_Saglayici","Cinsiyet",-0.861294790424592,0,24.5352571370398,58.0558768394581
"dikkatli","MEMNUNIYET","SOY_index","GUV_Saglayici","YasGrup",-0.426924657821519,0,16.3196655473913,25.0104944288585
"dikkatli","MEMNUNIYET","SOY_index","GUV_Saglayici","EgitimGrup",-1.01621648596622,0,23.1183074363304,63.8694604299173
"dikkatli","MEMNUNIYET","SOY_index","GUV_Saglayici","MedeniDurum",-1.42099873994586,0,7.38750081525891,30.5935203742884
"dikkatli","MEMNUNIYET","SOY_index","GUV_Saglayici","Gelir",-1.01568995183635,0,4.51795291223139,12.4752782872021
"dikkatli","MEMNUNIYET","SOY_index","GUV_Saglayici","MeslekGrup",-0.258440014403543,0.5,40.6267610523935,52.6079370660469
"dikkatli","ERISIM","MTT","GUV_Odeyici","Cinsiyet",-1.69706128295414,0,2.29510454698532,12.5264158591631
"dikkatli","ERISIM","MTT","GUV_Odeyici","YasGrup",-0.0443305788230051,1,17.3070750904421,18.0915677854436
"dikkatli","ERISIM","MTT","GUV_Odeyici","EgitimGrup",-0.407074386362313,0.333333333333333,11.3737605950115,17.0881183194104
"dikkatli","ERISIM","MTT","GUV_Odeyici","MedeniDurum",1.02182030483215,1,2.53268048508911,0.91161084073503
"dikkatli","ERISIM","MTT","GUV_Odeyici","Gelir",-3.6750899585279,0,0.537815886450315,21.2180233977156
"dikkatli","ERISIM","MTT","GUV_Odeyici","MeslekGrup",-0.10634177317587,0.5,24.5080113198025,27.2578575488908
"dikkatli","ERISIM","FCV","GUV_Odeyici","Cinsiyet",-0.914061238039487,0,15.1946901256947,37.9021284983919
"dikkatli","ERISIM","FCV","GUV_Odeyici","YasGrup",-0.263000917702172,1,14.672732872954,19.0867004800866
"dikkatli","ERISIM","FCV","GUV_Odeyici","EgitimGrup",-0.968685908635119,0,24.0614489199407,63.3894116447449
"dikkatli","ERISIM","FCV","GUV_Odeyici","MedeniDurum",-0.176033368700934,1,23.3068512931481,27.7929039088116
"dikkatli","ERISIM","FCV","GUV_Odeyici","Gelir",-1.22615403209915,0,24.7842382761772,84.467084854282
"dikkatli","ERISIM","FCV","GUV_Odeyici","MeslekGrup",-0.322821768414182,0.5,27.9901711103854,38.654963375081
"dikkatli","ERISIM","RNS","GUV_Odeyici","Cinsiyet",-1.0176198596826,0,11.7379112272285,32.4741289322966
"dikkatli","ERISIM","RNS","GUV_Odeyici","YasGrup",1.11523928859422,1,8.35001695151864,2.7374430134819
"dikkatli","ERISIM","RNS","GUV_Odeyici","EgitimGrup",-0.753187278200436,0,22.3756940588428,47.5205648475548
"dikkatli","ERISIM","RNS","GUV_Odeyici","MedeniDurum",-0.100790481192617,1,14.5650653579241,16.1096159711483
"dikkatli","ERISIM","RNS","GUV_Odeyici","Gelir",-1.20491201911807,0,19.628970002748,65.4913816301545
"dikkatli","ERISIM","RNS","GUV_Odeyici","MeslekGrup",-0.860434028706838,0.25,29.0327447458763,68.6388259841777
"dikkatli","ERISIM","ILT","GUV_Odeyici","Cinsiyet",-0.750909484728143,0,8.13460777347981,17.236634131693
"dikkatli","ERISIM","ILT","GUV_Odeyici","YasGrup",-0.475558506267166,0,15.1822309316093,24.4268816510905
"dikkatli","ERISIM","ILT","GUV_Odeyici","EgitimGrup",-0.582770791755288,0.333333333333333,8.88579409646854,15.9144042185715
"dikkatli","ERISIM","ILT","GUV_Odeyici","MedeniDurum",-0.55318461244688,0,3.744092800559,6.51015951090819
"dikkatli","ERISIM","ILT","GUV_Odeyici","Gelir",-1.93979474364225,0,5.00918623617462,34.8505256165351
"dikkatli","ERISIM","ILT","GUV_Odeyici","MeslekGrup",-0.518794973666917,0.25,33.9115163567584,56.9714147267263
"dikkatli","ERISIM","MEMNUNIYET","GUV_Odeyici","Cinsiyet",-1.51752967573611,0,4.07374481533497,18.5801230508227
"dikkatli","ERISIM","MEMNUNIYET","GUV_Odeyici","YasGrup",-0.178521687270184,1,13.8571294494368,16.5654888986319
"dikkatli","ERISIM","MEMNUNIYET","GUV_Odeyici","EgitimGrup",-0.734933826916147,0,12.9564789641179,27.0187156059017
"dikkatli","ERISIM","MEMNUNIYET","GUV_Odeyici","MedeniDurum",0.0972393083416543,1,7.1065695314654,6.44806659958327
"dikkatli","ERISIM","MEMNUNIYET","GUV_Odeyici","Gelir",-1.68509842549447,0,7.42688679402771,40.0530647095314
"dikkatli","ERISIM","MEMNUNIYET","GUV_Odeyici","MeslekGrup",-0.463339066339814,0.25,23.9389483838568,38.0478979551784
"dikkatli","MEMNUNIYET","ERS","GUV_Odeyici","Cinsiyet",0.00453330206882363,1,5.96138906135389,5.93442544722455
"dikkatli","MEMNUNIYET","ERS","GUV_Odeyici","YasGrup",0.491159912402366,1,20.724536722503,12.6816800273725
"dikkatli","MEMNUNIYET","ERS","GUV_Odeyici","EgitimGrup",-1.06047878907611,0,10.1214554105471,29.2282661099736
"dikkatli","MEMNUNIYET","ERS","GUV_Odeyici","MedeniDurum",-0.0475528543822779,1,15.1192831772431,15.8556168846694
"dikkatli","MEMNUNIYET","ERS","GUV_Odeyici","Gelir",-0.789076781901937,0,5.11532448360928,11.2606868280755
"dikkatli","MEMNUNIYET","ERS","GUV_Odeyici","MeslekGrup",-0.548600101136449,0.75,34.8259046820488,60.2776626748202
"dikkatli","MEMNUNIYET","KAB","GUV_Odeyici","Cinsiyet",-1.10237149555989,0,2.49370406618734,7.50928819368874
"dikkatli","MEMNUNIYET","KAB","GUV_Odeyici","YasGrup",-0.148497098499714,1,17.8609147002039,20.720258387048
"dikkatli","MEMNUNIYET","KAB","GUV_Odeyici","EgitimGrup",-0.907271447858101,0,11.7231225341697,29.0446594033581
"dikkatli","MEMNUNIYET","KAB","GUV_Odeyici","MedeniDurum",-0.221561982771439,1,16.7120259008942,20.8570194735019
"dikkatli","MEMNUNIYET","KAB","GUV_Odeyici","Gelir",-1.41255946428126,0,1.38188909813996,5.67466167309669
"dikkatli","MEMNUNIYET","KAB","GUV_Odeyici","MeslekGrup",-0.694681758607505,0.25,23.7248156155153,47.5225023023782
"dikkatli","MEMNUNIYET","UYG","GUV_Odeyici","Cinsiyet",-1.0531173721461,0,4.46131084679818,12.7886749312955
"dikkatli","MEMNUNIYET","UYG","GUV_Odeyici","YasGrup",0.5441003024561,1,16.5923876524583,9.62961949087299
"dikkatli","MEMNUNIYET","UYG","GUV_Odeyici","EgitimGrup",-0.880237967200468,0.333333333333333,7.58264028153561,18.2853360352653
"dikkatli","MEMNUNIYET","UYG","GUV_Odeyici","MedeniDurum",0.64979695725227,1,9.59297595038074,5.0089895124385
"dikkatli","MEMNUNIYET","UYG","GUV_Odeyici","Gelir",-0.943840442052619,0,4.8157653209657,12.3757067892294
"dikkatli","MEMNUNIYET","UYG","GUV_Odeyici","MeslekGrup",-0.370589474414071,0.75,48.1909091926554,69.8087857216492
"dikkatli","MEMNUNIYET","ULS","GUV_Odeyici","Cinsiyet",-0.882361194621786,0,3.78046239733117,9.13586179844479
"dikkatli","MEMNUNIYET","ULS","GUV_Odeyici","YasGrup",2.06816021617926,1,8.9759015618857,1.13471686087581
"dikkatli","MEMNUNIYET","ULS","GUV_Odeyici","EgitimGrup",-0.332391850025705,0.333333333333333,10.5908006243092,14.7667437574791
"dikkatli","MEMNUNIYET","ULS","GUV_Odeyici","MedeniDurum",-1.45877535933422,0,2.7609672462987,11.8740628867495
"dikkatli","MEMNUNIYET","ULS","GUV_Odeyici","Gelir",1.01679755039655,1,3.93321055572047,1.42284512011442
"dikkatli","MEMNUNIYET","ULS","GUV_Odeyici","MeslekGrup",0.304863268831188,0.75,15.2823050711127,11.2664846541777
"dikkatli","MEMNUNIYET","ERISIM","GUV_Odeyici","Cinsiyet",-1.44795989721511,0,1.53313678437265,6.52261731918628
"dikkatli","MEMNUNIYET","ERISIM","GUV_Odeyici","YasGrup",0.391482145367453,1,13.7531264986507,9.29785784397465
"dikkatli","MEMNUNIYET","ERISIM","GUV_Odeyici","EgitimGrup",-0.833059703269919,0,8.74069854132296,20.1066340937963
"dikkatli","MEMNUNIYET","ERISIM","GUV_Odeyici","MedeniDurum",0.511735914778401,1,8.35048286205834,5.00573096673814
"dikkatli","MEMNUNIYET","ERISIM","GUV_Odeyici","Gelir",-1.33904972242103,0,0.967067960026111,3.68976667111914
"dikkatli","MEMNUNIYET","ERISIM","GUV_Odeyici","MeslekGrup",-0.446221930601614,0.75,27.5003051193535,42.966426454268
"dikkatli","ERISIM","SOY_index","GUV_Odeyici","Cinsiyet",-0.261556859001735,0,8.53267159996231,11.0835205741856
"dikkatli","ERISIM","SOY_index","GUV_Odeyici","YasGrup",-0.651549540738937,0,5.01637368357273,9.62396979894063
"dikkatli","ERISIM","SOY_index","GUV_Odeyici","EgitimGrup",-0.851071817637119,0.333333333333333,8.6009650879122,20.1448008907866
"dikkatli","ERISIM","SOY_index","GUV_Odeyici","MedeniDurum",-0.713150179676779,0,8.7777941439899,17.910288421726
"dikkatli","ERISIM","SOY_index","GUV_Odeyici","Gelir",-0.725571511397439,0,22.6651760951128,46.8242469257092
"dikkatli","ERISIM","SOY_index","GUV_Odeyici","MeslekGrup",-0.458195765332809,0.5,15.2075755967114,24.0465001917523
"dikkatli","MEMNUNIYET","SOY_index","GUV_Odeyici","Cinsiyet",-0.611901797089896,0,24.5352571370398,45.2414158501558
"dikkatli","MEMNUNIYET","SOY_index","GUV_Odeyici","YasGrup",-0.320725049774496,0,16.3196655473913,22.4905654029568
"dikkatli","MEMNUNIYET","SOY_index","GUV_Odeyici","EgitimGrup",-0.41120631100154,0.333333333333333,23.1183074363304,34.877124104204
"dikkatli","MEMNUNIYET","SOY_index","GUV_Odeyici","MedeniDurum",-1.11896209908314,0,7.38750081525891,22.6181253862675
"dikkatli","MEMNUNIYET","SOY_index","GUV_Odeyici","Gelir",0.929150054740862,1,4.51795291223139,1.78409081405112
"dikkatli","MEMNUNIYET","SOY_index","GUV_Odeyici","MeslekGrup",-0.571446045155904,0,40.6267610523935,71.9429205130692
"dikkatli","ERISIM","MTT","GUVEN","Cinsiyet",-1.47226177622601,0,2.29510454698532,10.0045518687255
"dikkatli","ERISIM","MTT","GUVEN","YasGrup",-0.123025814200558,1,17.3070750904421,19.5728068430984
"dikkatli","ERISIM","MTT","GUVEN","EgitimGrup",-0.636788259422223,0.333333333333333,11.3737605950115,21.5009530069655
"dikkatli","ERISIM","MTT","GUVEN","MedeniDurum",-0.793687553291175,0,2.53268048508911,5.60111551837272
"dikkatli","ERISIM","MTT","GUVEN","Gelir",-4.45396569786857,0,0.537815886450315,46.2345206995941
"dikkatli","ERISIM","MTT","GUVEN","MeslekGrup",-0.398780670674621,0.5,24.5080113198025,36.5171030500386
"dikkatli","ERISIM","FCV","GUVEN","Cinsiyet",-1.02985106918517,1,15.1946901256947,42.5549891767526
"dikkatli","ERISIM","FCV","GUVEN","YasGrup",-1.18107531512408,1,14.672732872954,47.8019378901112
"dikkatli","ERISIM","FCV","GUVEN","EgitimGrup",-1.67773376088643,0,24.0614489199407,128.810803862069
"dikkatli","ERISIM","FCV","GUVEN","MedeniDurum",-0.604954780928353,1,23.3068512931481,42.6787929820295
"dikkatli","ERISIM","FCV","GUVEN","Gelir",-2.05484713563586,0,24.7842382761772,193.456955152103
"dikkatli","ERISIM","FCV","GUVEN","MeslekGrup",-0.320398847597514,0.75,27.9901711103854,38.5614188309026
"dikkatli","ERISIM","RNS","GUVEN","Cinsiyet",-0.426170058155809,1,11.7379112272285,17.975216314224
"dikkatli","ERISIM","RNS","GUVEN","YasGrup",-0.431434534320523,1,8.35001695151864,12.8545534636854
"dikkatli","ERISIM","RNS","GUVEN","EgitimGrup",-1.32571772800401,0,22.3756940588428,84.2419496373983
"dikkatli","ERISIM","RNS","GUVEN","MedeniDurum",-0.487639690038356,1,14.5650653579241,23.7187427286905
"dikkatli","ERISIM","RNS","GUVEN","Gelir",-1.7084422966828,0,19.628970002748,108.358896491945
"dikkatli","ERISIM","RNS","GUVEN","MeslekGrup",-0.731134301172342,0.5,29.0327447458763,60.3136606902199
"dikkatli","ERISIM","ILT","GUVEN","Cinsiyet",1.53881903961912,1,8.13460777347981,1.74596686696448
"dikkatli","ERISIM","ILT","GUVEN","YasGrup",-0.667093970971566,1,15.1822309316093,29.5835865075657
"dikkatli","ERISIM","ILT","GUVEN","EgitimGrup",-0.891592365298352,0.333333333333333,8.88579409646854,21.672543838502
"dikkatli","ERISIM","ILT","GUVEN","MedeniDurum",-0.254842667549727,1,3.744092800559,4.83084795807146
"dikkatli","ERISIM","ILT","GUVEN","Gelir",-2.39082830121259,0,5.00918623617462,54.7130238475476
"dikkatli","ERISIM","ILT","GUVEN","MeslekGrup",-0.451392378838848,0.5,33.9115163567584,53.2579479740693
"dikkatli","ERISIM","MEMNUNIYET","GUVEN","Cinsiyet",-0.866390551849445,0,4.07374481533497,9.68863192514843
"dikkatli","ERISIM","MEMNUNIYET","GUVEN","YasGrup",-0.53580180990056,1,13.8571294494368,23.6793100237582
"dikkatli","ERISIM","MEMNUNIYET","GUVEN","EgitimGrup",-1.10767246906704,0,12.9564789641179,39.2232011870016
"dikkatli","ERISIM","MEMNUNIYET","GUVEN","MedeniDurum",1.22388469566798,1,7.1065695314654,2.08993913451321
"dikkatli","ERISIM","MEMNUNIYET","GUVEN","Gelir",-2.27081360872878,0,7.42688679402771,71.9463265198928
"dikkatli","ERISIM","MEMNUNIYET","GUVEN","MeslekGrup",-0.490136683852533,0.75,23.9389483838568,39.081275156168
"dikkatli","MEMNUNIYET","ERS","GUVEN","Cinsiyet",-1.42400482928938,0,5.96138906135389,24.7619536572699
"dikkatli","MEMNUNIYET","ERS","GUVEN","YasGrup",0.102447108450772,1,20.724536722503,18.7065033982896
"dikkatli","MEMNUNIYET","ERS","GUVEN","EgitimGrup",-1.51243836683392,0,10.1214554105471,45.9289591487444
"dikkatli","MEMNUNIYET","ERS","GUVEN","MedeniDurum",-0.151760962373248,1,15.1192831772431,17.5970614173644
"dikkatli","MEMNUNIYET","ERS","GUVEN","Gelir",-1.3336778532937,0,5.11532448360928,19.4125291441237
"dikkatli","MEMNUNIYET","ERS","GUVEN","MeslekGrup",-0.766585380784094,0.75,34.8259046820488,74.9594183339746
"dikkatli","MEMNUNIYET","KAB","GUVEN","Cinsiyet",-0.488101006902237,1,2.49370406618734,4.06279105892528
"dikkatli","MEMNUNIYET","KAB","GUVEN","YasGrup",-0.676981864541496,1,17.8609147002039,35.1490170690951
"dikkatli","MEMNUNIYET","KAB","GUVEN","EgitimGrup",-1.37473350341422,0.333333333333333,11.7231225341697,46.3534943902253
"dikkatli","MEMNUNIYET","KAB","GUVEN","MedeniDurum",-0.081680228394271,1,16.7120259008942,18.1343658264662
"dikkatli","MEMNUNIYET","KAB","GUVEN","Gelir",-0.780086952572444,1,1.38188909813996,3.01481488791538
"dikkatli","MEMNUNIYET","KAB","GUVEN","MeslekGrup",-0.616679751526245,0.75,23.7248156155153,43.956535864855
"dikkatli","MEMNUNIYET","UYG","GUVEN","Cinsiyet",-1.18603864072259,0,4.46131084679818,14.6067138677008
"dikkatli","MEMNUNIYET","UYG","GUVEN","YasGrup",0.0394233558504,1,16.5923876524583,15.9509862178107
"dikkatli","MEMNUNIYET","UYG","GUVEN","EgitimGrup",-1.48670703994596,0.333333333333333,7.58264028153561,33.534290156118
"dikkatli","MEMNUNIYET","UYG","GUVEN","MedeniDurum",1.49327572255075,1,9.59297595038074,2.15492394952015
"dikkatli","MEMNUNIYET","UYG","GUVEN","Gelir",-0.162526407744432,1,4.8157653209657,5.66564863068394
"dikkatli","MEMNUNIYET","UYG","GUVEN","MeslekGrup",-0.409549429993776,0.5,48.1909091926554,72.5822083225751
"dikkatli","MEMNUNIYET","ULS","GUVEN","Cinsiyet",-1.57483714528475,0,3.78046239733117,18.2594631949663
"dikkatli","MEMNUNIYET","ULS","GUVEN","YasGrup",1.21519898140264,1,8.9759015618857,2.66270999120866
"dikkatli","MEMNUNIYET","ULS","GUVEN","EgitimGrup",-0.679482823523019,0,10.5908006243092,20.8941367777267
"dikkatli","MEMNUNIYET","ULS","GUVEN","MedeniDurum",-2.20704956490224,0,2.7609672462987,25.0940467823086
"dikkatli","MEMNUNIYET","ULS","GUVEN","Gelir",2.47075425786063,1,3.93321055572047,0.33243921164189
"dikkatli","MEMNUNIYET","ULS","GUVEN","MeslekGrup",-0.216998086921268,0.5,15.2823050711127,18.9858452531388
"dikkatli","MEMNUNIYET","ERISIM","GUVEN","Cinsiyet",-1.12966583864037,0,1.53313678437265,4.7444791865382
"dikkatli","MEMNUNIYET","ERISIM","GUVEN","YasGrup",-0.0756705822194266,1,13.7531264986507,14.8342213092569
"dikkatli","MEMNUNIYET","ERISIM","GUVEN","EgitimGrup",-1.13689299970851,0.333333333333333,8.74069854132296,27.2453567363945
"dikkatli","MEMNUNIYET","ERISIM","GUVEN","MedeniDurum",1.2877119487089,1,8.35048286205834,2.30390938614566
"dikkatli","MEMNUNIYET","ERISIM","GUVEN","Gelir",-1.07805761557772,0,0.967067960026111,2.84217929597559
"dikkatli","MEMNUNIYET","ERISIM","GUVEN","MeslekGrup",-0.365431252271261,0.5,27.5003051193535,39.6316623168145
"dikkatli","ERISIM","SOY_index","GUVEN","Cinsiyet",-0.0212752476976115,1,8.53267159996231,8.71615116787559
"dikkatli","ERISIM","SOY_index","GUVEN","YasGrup",-0.439553729478537,0,5.01637368357273,7.78548442717745
"dikkatli","ERISIM","SOY_index","GUVEN","EgitimGrup",-0.639519509112238,0.333333333333333,8.6009650879122,16.3037301656391
"dikkatli","ERISIM","SOY_index","GUVEN","MedeniDurum",-0.792931340911718,0,8.7777941439899,19.3977383847853
"dikkatli","ERISIM","SOY_index","GUVEN","Gelir",-0.660965261698987,0,22.6651760951128,43.8947584627274
"dikkatli","ERISIM","SOY_index","GUVEN","MeslekGrup",-0.48468744790775,0.5,15.2075755967114,24.6920454788563
"dikkatli","MEMNUNIYET","SOY_index","GUVEN","Cinsiyet",-0.841055456386616,0,24.5352571370398,56.8926754721863
"dikkatli","MEMNUNIYET","SOY_index","GUVEN","YasGrup",-0.390240204114518,0,16.3196655473913,24.1096231160463
"dikkatli","MEMNUNIYET","SOY_index","GUVEN","EgitimGrup",-0.952137727951828,0,23.1183074363304,59.9051550031164
"dikkatli","MEMNUNIYET","SOY_index","GUVEN","MedeniDurum",-1.36723693194777,0,7.38750081525891,28.9921883379976
"dikkatli","MEMNUNIYET","SOY_index","GUVEN","Gelir",-0.728774358999172,0,4.51795291223139,9.36363299689746
"dikkatli","MEMNUNIYET","SOY_index","GUVEN","MeslekGrup",-0.399316570237425,0.5,40.6267610523935,60.5665983642701
"dikkatli","ERISIM","MTT","SOY_index","Cinsiyet",-1.50870979278032,0,2.29510454698532,10.3759247314868
"dikkatli","ERISIM","MTT","SOY_index","YasGrup",-0.243186127936503,0,17.3070750904421,22.0718162251463
"dikkatli","ERISIM","MTT","SOY_index","EgitimGrup",-0.48987053997506,0,11.3737605950115,18.5631705633593
"dikkatli","ERISIM","MTT","SOY_index","MedeniDurum",-0.430676062016531,0,2.53268048508911,3.89601519355922
"dikkatli","ERISIM","MTT","SOY_index","Gelir",-1.57314355346631,0,0.537815886450315,2.59323095780854
"dikkatli","ERISIM","MTT","SOY_index","MeslekGrup",-0.0719031379805291,0.5,24.5080113198025,26.3351143420443
"dikkatli","ERISIM","FCV","SOY_index","Cinsiyet",1.08389692834138,1,15.1946901256947,5.13997956283124
"dikkatli","ERISIM","FCV","SOY_index","YasGrup",-0.355819528389282,0,14.672732872954,20.9431242269204
"dikkatli","ERISIM","FCV","SOY_index","EgitimGrup",-0.411105952651059,0.333333333333333,24.0614489199407,36.2963390161763
"dikkatli","ERISIM","FCV","SOY_index","MedeniDurum",-0.314720865244198,0,23.3068512931481,31.9275166737048
"dikkatli","ERISIM","FCV","SOY_index","Gelir",-0.107580736898985,0,24.7842382761772,27.5992510002139
"dikkatli","ERISIM","FCV","SOY_index","MeslekGrup",0.0877933807396287,0.25,27.9901711103854,25.6376003096394
"dikkatli","ERISIM","RNS","SOY_index","Cinsiyet",1.19993087092289,1,11.7379112272285,3.53563532135196
"dikkatli","ERISIM","RNS","SOY_index","YasGrup",-0.405705323856251,0,8.35001695151864,12.5280345020329
"dikkatli","ERISIM","RNS","SOY_index","EgitimGrup",-0.481671180462107,0,22.3756940588428,36.22126812957
"dikkatli","ERISIM","RNS","SOY_index","MedeniDurum",-0.636376316882884,0,14.5650653579241,27.5224543944973
"dikkatli","ERISIM","RNS","SOY_index","Gelir",-0.203301404235457,0,19.628970002748,24.0541596657956
"dikkatli","ERISIM","RNS","SOY_index","MeslekGrup",-0.544151825559196,0.5,29.0327447458763,50.0276647727411
"dikkatli","ERISIM","ILT","SOY_index","Cinsiyet",1.39136220263901,1,8.13460777347981,2.02337178120268
"dikkatli","ERISIM","ILT","SOY_index","YasGrup",0.231228488474681,1,15.1822309316093,12.0479827310989
"dikkatli","ERISIM","ILT","SOY_index","EgitimGrup",-0.720955196181144,0,8.88579409646854,18.272716200659
"dikkatli","ERISIM","ILT","SOY_index","MedeniDurum",-0.662862236218068,0,3.744092800559,7.2648059200968
"dikkatli","ERISIM","ILT","SOY_index","Gelir",-0.728589297583713,0,5.00918623617462,10.3798120704889
"dikkatli","ERISIM","ILT","SOY_index","MeslekGrup",-0.337966550929178,0.25,33.9115163567584,47.5471201861344
"dikkatli","ERISIM","MEMNUNIYET","SOY_index","Cinsiyet",-0.54982600532365,0,4.07374481533497,7.05960206248784
"dikkatli","ERISIM","MEMNUNIYET","SOY_index","YasGrup",-0.198336366673518,0,13.8571294494368,16.89700232006
"dikkatli","ERISIM","MEMNUNIYET","SOY_index","EgitimGrup",-0.533770807884279,0,12.9564789641179,22.0953411221341
"dikkatli","ERISIM","MEMNUNIYET","SOY_index","MedeniDurum",-0.585759461679269,0,7.1065695314654,12.7659198020065
"dikkatli","ERISIM","MEMNUNIYET","SOY_index","Gelir",-0.199738049212618,0,7.42688679402771,9.06884411495252
"dikkatli","ERISIM","MEMNUNIYET","SOY_index","MeslekGrup",-0.233287851410994,0.25,23.9389483838568,30.2287852232232
"dikkatli","MEMNUNIYET","ERS","SOY_index","Cinsiyet",-0.699238657875078,0,5.96138906135389,11.9956271190095
"dikkatli","MEMNUNIYET","ERS","SOY_index","YasGrup",-0.0498014694464182,1,20.724536722503,21.7827814656929
"dikkatli","MEMNUNIYET","ERS","SOY_index","EgitimGrup",-0.247779445791928,0,10.1214554105471,12.9673792414407
"dikkatli","MEMNUNIYET","ERS","SOY_index","MedeniDurum",-0.326742716233841,0,15.1192831772431,20.9620503588605
"dikkatli","MEMNUNIYET","ERS","SOY_index","Gelir",0.0764175034289958,1,5.11532448360928,4.73898667621402
"dikkatli","MEMNUNIYET","ERS","SOY_index","MeslekGrup",-0.27039004573878,0.75,34.8259046820488,45.6384947304355
"dikkatli","MEMNUNIYET","KAB","SOY_index","Cinsiyet",-0.129796012591531,1,2.49370406618734,2.83932172661426
"dikkatli","MEMNUNIYET","KAB","SOY_index","YasGrup",-0.143450241915784,1,17.8609147002039,20.6159496515522
"dikkatli","MEMNUNIYET","KAB","SOY_index","EgitimGrup",0.117221640569523,1,11.7231225341697,10.4264050524623
"dikkatli","MEMNUNIYET","KAB","SOY_index","MedeniDurum",-0.330405893018294,0,16.7120259008942,23.2553326558929
"dikkatli","MEMNUNIYET","KAB","SOY_index","Gelir",-1.85157384374006,0,1.38188909813996,8.80240803682572
"dikkatli","MEMNUNIYET","KAB","SOY_index","MeslekGrup",-0.460771209309037,0.25,23.7248156155153,37.6108578829837
"dikkatli","MEMNUNIYET","UYG","SOY_index","Cinsiyet",-0.963968820088401,0,4.46131084679818,11.69792477205
"dikkatli","MEMNUNIYET","UYG","SOY_index","YasGrup",-0.129091870659021,1,16.5923876524583,18.8787298915978
"dikkatli","MEMNUNIYET","UYG","SOY_index","EgitimGrup",0.260803710959947,0.666666666666667,7.58264028153561,5.84190971719159
"dikkatli","MEMNUNIYET","UYG","SOY_index","MedeniDurum",-0.618467163562943,0,9.59297595038074,17.8053384077163
"dikkatli","MEMNUNIYET","UYG","SOY_index","Gelir",-0.898078099960602,0,4.8157653209657,11.8221285835444
"dikkatli","MEMNUNIYET","UYG","SOY_index","MeslekGrup",-0.215553943011517,0.75,48.1909091926554,59.7831793943345
"dikkatli","MEMNUNIYET","ULS","SOY_index","Cinsiyet",2.71749792837725,1,3.78046239733117,0.249660911375318
"dikkatli","MEMNUNIYET","ULS","SOY_index","YasGrup",-0.20071450884032,0,8.9759015618857,10.9710270228645
"dikkatli","MEMNUNIYET","ULS","SOY_index","EgitimGrup",-0.392059948490767,0,10.5908006243092,15.6746648869959
"dikkatli","MEMNUNIYET","ULS","SOY_index","MedeniDurum",-0.668013612500608,0,2.7609672462987,5.38487815794453
"dikkatli","MEMNUNIYET","ULS","SOY_index","Gelir",-0.263498819715545,0,3.93321055572047,5.1189781956558
"dikkatli","MEMNUNIYET","ULS","SOY_index","MeslekGrup",-0.407664104896695,0,15.2823050711127,22.9739216861947
"dikkatli","MEMNUNIYET","ERISIM","SOY_index","Cinsiyet",-1.53652243074432,0,1.53313678437265,7.12662847810364
"dikkatli","MEMNUNIYET","ERISIM","SOY_index","YasGrup",-0.166732536640942,0,13.7531264986507,16.2484694514694
"dikkatli","MEMNUNIYET","ERISIM","SOY_index","EgitimGrup",-0.0543674275317789,1,8.74069854132296,9.22906311198487
"dikkatli","MEMNUNIYET","ERISIM","SOY_index","MedeniDurum",-0.575974353298494,0,8.35048286205834,14.8543643665225
"dikkatli","MEMNUNIYET","ERISIM","SOY_index","Gelir",-1.84891584944381,0,0.967067960026111,6.14371342320772
"dikkatli","MEMNUNIYET","ERISIM","SOY_index","MeslekGrup",-0.340234539386587,0.5,27.5003051193535,38.6455502620659
"dikkatli","ERISIM","GUV_Saglayici","SOY_index","Cinsiyet",-0.0575737019908855,0,2.96735000935809,3.14320507531696
"dikkatli","ERISIM","GUV_Saglayici","SOY_index","YasGrup",-0.0950369108691891,0,4.66533994266156,5.13047174779495
"dikkatli","ERISIM","GUV_Saglayici","SOY_index","EgitimGrup",-0.348721501975024,0,7.40606663175352,10.4962807677449
"dikkatli","ERISIM","GUV_Saglayici","SOY_index","MedeniDurum",0.22006841833748,1,8.56594994195179,6.87386553430562
"dikkatli","ERISIM","GUV_Saglayici","SOY_index","Gelir",-0.228096347794051,0,7.38331524268622,9.27496751155266
"dikkatli","ERISIM","GUV_Saglayici","SOY_index","MeslekGrup",-0.00658106540312975,0.5,23.3408094643812,23.4949234188732
"dikkatli","MEMNUNIYET","GUV_Saglayici","SOY_index","Cinsiyet",-0.853171432069853,0,1.76587687950671,4.14465195618808
"dikkatli","MEMNUNIYET","GUV_Saglayici","SOY_index","YasGrup",-0.0859745761549662,1,7.60657299903417,8.28948063880993
"dikkatli","MEMNUNIYET","GUV_Saglayici","SOY_index","EgitimGrup",-0.52232395965799,0.333333333333333,4.42663504970794,7.46304623639308
"dikkatli","MEMNUNIYET","GUV_Saglayici","SOY_index","MedeniDurum",0.271674570443281,1,6.51893189580284,4.96809254130421
"dikkatli","MEMNUNIYET","GUV_Saglayici","SOY_index","Gelir",-0.523380820554596,0,12.3892377471554,20.9096127414716
"dikkatli","MEMNUNIYET","GUV_Saglayici","SOY_index","MeslekGrup",-0.284084676108847,0.5,22.716574694101,30.1800013177182
"dikkatli","ERISIM","GUV_Odeyici","SOY_index","Cinsiyet",-0.0760959876678757,0,3.61180649312846,3.89737811425654
"dikkatli","ERISIM","GUV_Odeyici","SOY_index","YasGrup",-0.202059167829613,0,13.2931786762403,16.269792866478
"dikkatli","ERISIM","GUV_Odeyici","SOY_index","EgitimGrup",-0.540857648355167,0,6.34023353620008,10.8892193805371
"dikkatli","ERISIM","GUV_Odeyici","SOY_index","MedeniDurum",0.571942060007068,1,6.36908149579879,3.5948893282386
"dikkatli","ERISIM","GUV_Odeyici","SOY_index","Gelir",-0.453120428055325,0,14.1529347022959,22.2655898428326
"dikkatli","ERISIM","GUV_Odeyici","SOY_index","MeslekGrup",-0.342619643648081,0.25,27.3686876456152,38.5524332372852
"dikkatli","MEMNUNIYET","GUV_Odeyici","SOY_index","Cinsiyet",-0.196039081153932,0,11.0234144474255,13.4108043655783
"dikkatli","MEMNUNIYET","GUV_Odeyici","SOY_index","YasGrup",-0.124421654608335,0,10.6507332804453,12.0618839894307
"dikkatli","MEMNUNIYET","GUV_Odeyici","SOY_index","EgitimGrup",-0.421682360392547,0,4.22678038646823,6.44382898615616
"dikkatli","MEMNUNIYET","GUV_Odeyici","SOY_index","MedeniDurum",0.348528141499743,1,7.38801579877781,5.21391523771796
"dikkatli","MEMNUNIYET","GUV_Odeyici","SOY_index","Gelir",-0.390084526444849,0,14.5147363473842,21.4397989715243
"dikkatli","MEMNUNIYET","GUV_Odeyici","SOY_index","MeslekGrup",-0.515419897099426,0.5,9.86805122992756,16.5224867707627
"dikkatli","ERISIM","GUVEN","SOY_index","Cinsiyet",-0.334402427402956,0,1.97302290103875,2.75652068481467
"dikkatli","ERISIM","GUVEN","SOY_index","YasGrup",-0.126582588009192,0,8.14392296839711,9.24288983280447
"dikkatli","ERISIM","GUVEN","SOY_index","EgitimGrup",-0.361653977497379,0,7.2303290054377,10.3805983298662
"dikkatli","ERISIM","GUVEN","SOY_index","MedeniDurum",0.218127706783727,1,6.94081693785972,5.5805747609603
"dikkatli","ERISIM","GUVEN","SOY_index","Gelir",-0.328169296245799,0,9.19744241407711,12.7699498579515
"dikkatli","ERISIM","GUVEN","SOY_index","MeslekGrup",-0.104527069030899,0.5,24.3670090884934,27.0518988318545
"dikkatli","MEMNUNIYET","GUVEN","SOY_index","Cinsiyet",0.570301832217526,1,0.534863182442112,0.30238744749767
"dikkatli","MEMNUNIYET","GUVEN","SOY_index","YasGrup",-0.0738770886454851,1,7.94911935187812,8.55861380110484
"dikkatli","MEMNUNIYET","GUVEN","SOY_index","EgitimGrup",-0.67531145571944,0,2.07071697846122,4.06822331336299
"dikkatli","MEMNUNIYET","GUVEN","SOY_index","MedeniDurum",0.157432438937858,1,6.31914106327747,5.39866041773378
"dikkatli","MEMNUNIYET","GUVEN","SOY_index","Gelir",-0.483883076121996,0,11.9493450087249,19.3861625767683
"dikkatli","MEMNUNIYET","GUVEN","SOY_index","MeslekGrup",-0.398831970938238,0.25,15.42752512363,22.9882963221539
"dikkatli","ERISIM","MTT","Yas","Cinsiyet",-0.414784379917603,0,2.29510454698532,3.47488984110841
"dikkatli","ERISIM","MTT","Yas","EgitimGrup",-0.00270303801793137,0.333333333333333,11.3737605950115,11.4045458905016
"dikkatli","ERISIM","MTT","Yas","MedeniDurum",-0.269642806392461,0,2.53268048508911,3.31653654637599
"dikkatli","ERISIM","MTT","Yas","Gelir",1.73447145703562,1,0.537815886450315,0.0949209784154944
"dikkatli","ERISIM","MTT","Yas","MeslekGrup",-0.035116821898816,0.25,24.5080113198025,25.383944774052
"dikkatli","ERISIM","FCV","Yas","Cinsiyet",0.213769719833125,1,15.1946901256947,12.2702337981483
"dikkatli","ERISIM","FCV","Yas","EgitimGrup",0.0170206274758526,0.666666666666667,24.0614489199407,23.6553735929562
"dikkatli","ERISIM","FCV","Yas","MedeniDurum",-0.0457001634224614,0,23.3068512931481,24.3966914722625
"dikkatli","ERISIM","FCV","Yas","Gelir",0.292854868056054,1,24.7842382761772,18.4922741167514
"dikkatli","ERISIM","FCV","Yas","MeslekGrup",-0.0548458180479918,0.25,27.9901711103854,29.5681933571668
"dikkatli","ERISIM","RNS","Yas","Cinsiyet",0.171265307365076,1,11.7379112272285,9.8903404799446
"dikkatli","ERISIM","RNS","Yas","EgitimGrup",0.0728517534388096,1,22.3756940588428,20.8035475946035
"dikkatli","ERISIM","RNS","Yas","MedeniDurum",-0.0746778131125794,0,14.5650653579241,15.6943957634987
"dikkatli","ERISIM","RNS","Yas","Gelir",0.292884297899309,1,19.628970002748,14.6453406172431
"dikkatli","ERISIM","RNS","Yas","MeslekGrup",-0.0608787831928272,0.25,29.0327447458763,30.8551324795553
"dikkatli","ERISIM","ILT","Yas","Cinsiyet",0.203886213552215,1,8.13460777347981,6.63422138333504
"dikkatli","ERISIM","ILT","Yas","EgitimGrup",-0.0271266215229882,0.333333333333333,8.88579409646854,9.13013475535174
"dikkatli","ERISIM","ILT","Yas","MedeniDurum",0.0845170534930537,1,3.744092800559,3.440656482292
"dikkatli","ERISIM","ILT","Yas","Gelir",1.03478948700684,1,5.00918623617462,1.77976971682686
"dikkatli","ERISIM","ILT","Yas","MeslekGrup",-0.0142038246464873,0.25,33.9115163567584,34.3966266436186
"dikkatli","ERISIM","MEMNUNIYET","Yas","Cinsiyet",0.53496417689984,1,4.07374481533497,2.38595270077697
"dikkatli","ERISIM","MEMNUNIYET","Yas","EgitimGrup",0.0438155872093531,1,12.9564789641179,12.4010405188344
"dikkatli","ERISIM","MEMNUNIYET","Yas","MedeniDurum",-0.0828258719954105,0,7.1065695314654,7.72024048503748
"dikkatli","ERISIM","MEMNUNIYET","Yas","Gelir",0.507940151634651,1,7.42688679402771,4.46900868597463
"dikkatli","ERISIM","MEMNUNIYET","Yas","MeslekGrup",-0.0551561414450021,0.5,23.9389483838568,25.2964207520724
"dikkatli","MEMNUNIYET","ERS","Yas","Cinsiyet",-0.236169362278386,0,5.96138906135389,7.54943616650294
"dikkatli","MEMNUNIYET","ERS","Yas","EgitimGrup",0.0443437564362195,1,10.1214554105471,9.68243783760608
"dikkatli","MEMNUNIYET","ERS","Yas","MedeniDurum",0.0468022493674902,1,15.1192831772431,14.4279703977361
"dikkatli","MEMNUNIYET","ERS","Yas","Gelir",1.01783654348919,1,5.11532448360928,1.8485550652484
"dikkatli","MEMNUNIYET","ERS","Yas","MeslekGrup",-0.00059968269197741,0.5,34.8259046820488,34.8467954376112
"dikkatli","MEMNUNIYET","KAB","Yas","Cinsiyet",0.495925883233787,1,2.49370406618734,1.51868267226335
"dikkatli","MEMNUNIYET","KAB","Yas","EgitimGrup",0.185498725030121,1,11.7231225341697,9.73827942159378
"dikkatli","MEMNUNIYET","KAB","Yas","MedeniDurum",-0.0182085938146477,0,16.7120259008942,17.0191157449798
"dikkatli","MEMNUNIYET","KAB","Yas","Gelir",0.289345147836235,1,1.38188909813996,1.03469461426197
"dikkatli","MEMNUNIYET","KAB","Yas","MeslekGrup",0.0187940380062117,0.75,23.7248156155153,23.2830943935116
"dikkatli","MEMNUNIYET","UYG","Yas","Cinsiyet",0.252706998695556,1,4.46131084679818,3.4650797052883
"dikkatli","MEMNUNIYET","UYG","Yas","EgitimGrup",0.426949122740866,1,7.58264028153561,4.94764812625469
"dikkatli","MEMNUNIYET","UYG","Yas","MedeniDurum",-0.0980497536561362,0,9.59297595038074,10.5812219141213
"dikkatli","MEMNUNIYET","UYG","Yas","Gelir",0.545069334096117,1,4.8157653209657,2.79218834708595
"dikkatli","MEMNUNIYET","UYG","Yas","MeslekGrup",0.00834217427434769,0.25,48.1909091926554,47.7905644242871
"dikkatli","MEMNUNIYET","ULS","Yas","Cinsiyet",-0.0630838753341378,0,3.78046239733117,4.0266316394243
"dikkatli","MEMNUNIYET","ULS","Yas","EgitimGrup",0.0211171889478834,0.666666666666667,10.5908006243092,10.3694975593734
"dikkatli","MEMNUNIYET","ULS","Yas","MedeniDurum",-0.404223259724703,0,2.7609672462987,4.1363110124872
"dikkatli","MEMNUNIYET","ULS","Yas","Gelir",-0.602115735318145,0,3.93321055572047,7.18195596250485
"dikkatli","MEMNUNIYET","ULS","Yas","MeslekGrup",-0.026291693282011,0.5,15.2823050711127,15.6894313161236
"dikkatli","MEMNUNIYET","ERISIM","Yas","Cinsiyet",-0.132063920600334,0,1.53313678437265,1.74958697170935
"dikkatli","MEMNUNIYET","ERISIM","Yas","EgitimGrup",0.206158423907225,0.666666666666667,8.74069854132296,7.11234272650102
"dikkatli","MEMNUNIYET","ERISIM","Yas","MedeniDurum",-0.0603910452798444,0,8.35048286205834,8.87031590190064
"dikkatli","MEMNUNIYET","ERISIM","Yas","Gelir",1.17771232442414,1,0.967067960026111,0.297839998511321
"dikkatli","MEMNUNIYET","ERISIM","Yas","MeslekGrup",-0.0119143290753274,0.5,27.5003051193535,27.8299124303162
"dikkatli","ERISIM","GUV_Saglayici","Yas","Cinsiyet",-0.109417047142581,0,2.96735000935809,3.31045734080077
"dikkatli","ERISIM","GUV_Saglayici","Yas","EgitimGrup",-0.00876957166368975,0,7.40606663175352,7.47130028142957
"dikkatli","ERISIM","GUV_Saglayici","Yas","MedeniDurum",-0.076158413058383,0,8.56594994195179,9.24380362348594
"dikkatli","ERISIM","GUV_Saglayici","Yas","Gelir",-0.152632193743043,0,7.38331524268622,8.60079767232629
"dikkatli","ERISIM","GUV_Saglayici","Yas","MeslekGrup",-0.00982530532133108,0.25,23.3408094643812,23.5712703642769
"dikkatli","MEMNUNIYET","GUV_Saglayici","Yas","Cinsiyet",-0.00752711247241822,0,1.76587687950671,1.77921898423387
"dikkatli","MEMNUNIYET","GUV_Saglayici","Yas","EgitimGrup",-0.457300779300052,0,4.42663504970794,6.99321569805372
"dikkatli","MEMNUNIYET","GUV_Saglayici","Yas","MedeniDurum",-0.23976527978179,0,6.51893189580284,8.28524169426453
"dikkatli","MEMNUNIYET","GUV_Saglayici","Yas","Gelir",0.0852419963952986,1,12.3892377471554,11.3769135590885
"dikkatli","MEMNUNIYET","GUV_Saglayici","Yas","MeslekGrup",-0.0244811128819538,0.25,22.716574694101,23.2795649197999
"dikkatli","ERISIM","GUV_Odeyici","Yas","Cinsiyet",0.0758472135971284,1,3.61180649312846,3.34799228067971
"dikkatli","ERISIM","GUV_Odeyici","Yas","EgitimGrup",0.0512972918763581,0.666666666666667,6.34023353620008,6.02319778117619
"dikkatli","ERISIM","GUV_Odeyici","Yas","MedeniDurum",-0.141729819054185,0,6.36908149579879,7.33887151507808
"dikkatli","ERISIM","GUV_Odeyici","Yas","Gelir",-0.0371463644565275,0,14.1529347022959,14.6885512898302
"dikkatli","ERISIM","GUV_Odeyici","Yas","MeslekGrup",-0.00524482659078584,0.25,27.3686876456152,27.5126087571051
"dikkatli","MEMNUNIYET","GUV_Odeyici","Yas","Cinsiyet",0.0596507822985286,1,11.0234144474255,10.3850867879718
"dikkatli","MEMNUNIYET","GUV_Odeyici","Yas","EgitimGrup",-0.55793240707857,0.333333333333333,4.22678038646823,7.38442441634345
"dikkatli","MEMNUNIYET","GUV_Odeyici","Yas","MedeniDurum",-0.293177177495121,0,7.38801579877781,9.90496729830993
"dikkatli","MEMNUNIYET","GUV_Odeyici","Yas","Gelir",-0.0507682735959101,0,14.5147363473842,15.2706503259283
"dikkatli","MEMNUNIYET","GUV_Odeyici","Yas","MeslekGrup",-0.0131728727092009,0.75,9.86805122992756,9.99890175933987
"dikkatli","ERISIM","GUVEN","Yas","Cinsiyet",-0.13390240220512,0,1.97302290103875,2.25572005542825
"dikkatli","ERISIM","GUVEN","Yas","EgitimGrup",-0.00160174939588109,0.666666666666667,7.2303290054377,7.24191946059443
"dikkatli","ERISIM","GUVEN","Yas","MedeniDurum",-0.101735879287831,0,6.94081693785972,7.6841161560702
"dikkatli","ERISIM","GUVEN","Yas","Gelir",-0.0898676071970477,0,9.19744241407711,10.0622727056067
"dikkatli","ERISIM","GUVEN","Yas","MeslekGrup",-0.00768413049647654,0.25,24.3670090884934,24.5549695978997
"dikkatli","MEMNUNIYET","GUVEN","Yas","Cinsiyet",0.245302695051657,1,0.534863182442112,0.418513137029395
"dikkatli","MEMNUNIYET","GUVEN","Yas","EgitimGrup",-0.894515638252957,0,2.07071697846122,5.06528576077363
"dikkatli","MEMNUNIYET","GUVEN","Yas","MedeniDurum",-0.250454901214813,0,6.31914106327747,8.11762961951963
"dikkatli","MEMNUNIYET","GUVEN","Yas","Gelir",0.0488203701476424,1,11.9493450087249,11.379984830496
"dikkatli","MEMNUNIYET","GUVEN","Yas","MeslekGrup",-0.0191241509030782,0.25,15.42752512363,15.7254026915398
"dikkatli","ERISIM","SOY_index","Yas","Cinsiyet",0.337515607492639,1,8.53267159996231,6.08840964126035
"dikkatli","ERISIM","SOY_index","Yas","EgitimGrup",-0.0283531354199158,0.333333333333333,8.6009650879122,8.84831948192329
"dikkatli","ERISIM","SOY_index","Yas","MedeniDurum",-0.0686788704457122,0,8.7777941439899,9.40182679375468
"dikkatli","ERISIM","SOY_index","Yas","Gelir",0.0435955757046624,1,22.6651760951128,21.698303507484
"dikkatli","ERISIM","SOY_index","Yas","MeslekGrup",-0.0130902593791289,0.5,15.2075755967114,15.4079553561139
"dikkatli","MEMNUNIYET","SOY_index","Yas","Cinsiyet",0.120913692536733,1,24.5352571370398,21.7409473546656
"dikkatli","MEMNUNIYET","SOY_index","Yas","EgitimGrup",0.07456866310502,0.666666666666667,23.1183074363304,21.4571123867331
"dikkatli","MEMNUNIYET","SOY_index","Yas","MedeniDurum",-0.200566447734929,0,7.38750081525891,9.02822644416851
"dikkatli","MEMNUNIYET","SOY_index","Yas","Gelir",0.974116182529528,1,4.51795291223139,1.70564409811365
"dikkatli","MEMNUNIYET","SOY_index","Yas","MeslekGrup",0.0243806235767505,0.75,40.6267610523935,39.6482323245913
